Ortholog family / Human transcript	Gibbon transcript	Gene	Description	Branch-specific % subs per site	Norm branch length	Human subs	Chimp subs	Gorilla subs	#1# subs	Gibbon subs	Align overlap	Align Sat	Lower in
ENST00000424776	ENSNLET00000039797	RBMXL3	RBMX like 3 	11.9709794437727	0.6413195741903727	9.0	19.0	18.0	9.0	99.0	827.0	91.88888888888889	
ENST00000393733	ENSNLET00000049739	MRPL4	mitochondrial ribosomal protein L4 	10.7954545454545	0.6999077343183783	1.0	0.0	4.0	0.0	19.0	176.0	61.53846153846154	
ENST00000616727	ENSNLET00000000881	MUC13	mucin 13%2C cell surface associated 	9.70464135021097	0.7210213599451403	4.0	1.0	9.0	1.0	46.0	474.0	95.75757575757575	
ENST00000424985	ENSNLET00000049174	FAM71E2	family with sequence similarity 71 member E2 	9.48379351740696	0.6759659176236454	13.0	8.0	14.0	1.0	79.0	833.0	95.41809851088202	
ENST00000369489	ENSNLET00000042532	CD58	CD58 molecule 	8.906882591093119	0.7054906119955993	1.0	1.0	4.0	0.0	22.0	247.0	98.8	
ENST00000380033	ENSNLET00000012311	BEND2	BEN domain containing 2 	8.76712328767123	0.6401813570163627	7.0	8.0	9.0	10.0	64.0	730.0	96.4332892998679	
ENST00000215582	ENSNLET00000001055	MISP	mitotic spindle positioning 	8.44645550527904	0.7205146560756513	7.0	4.0	6.0	2.0	56.0	663.0	98.51411589895989	
ENST00000308132	ENSNLET00000038446	FAM53A	family with sequence similarity 53 member A 	8.43989769820972	0.6268718421741848	5.0	5.0	6.0	1.0	33.0	391.0	98.24120603015075	
ENST00000396757	ENSNLET00000040877	CD72	CD72 molecule 	8.37988826815642	0.6972193364811672	2.0	2.0	4.0	2.0	30.0	358.0	99.72144846796657	
ENST00000378555	ENSNLET00000016500	PODXL	podocalyxin like 	8.15899581589958	0.7217344608296401	0.0	4.0	7.0	1.0	39.0	478.0	85.97122302158273	Human
ENST00000640173	ENSNLET00000034783	AC025287.4	novel protein similar to cytoplasmic polyadenylated homeobox like CPHXL	8.136482939632549	0.6611672743055674	3.0	4.0	6.0	0.0	31.0	381.0	100.0	
ENST00000600991	ENSNLET00000017375	TEX13A	testis expressed 13A 	8.093994778067879	0.6353723568184089	0.0	5.0	8.0	2.0	31.0	383.0	96.71717171717172	
ENST00000599111	ENSNLET00000005417	PLA2G4C	phospholipase A2 group IVC 	8.04347826086956	0.7820397338907794	1.0	1.0	5.0	0.0	37.0	460.0	88.6319845857418	
ENST00000370357	ENSNLET00000017455	PASD1	PAS domain containing repressor 1 	7.97720797720798	0.6019705365475361	9.0	13.0	8.0	5.0	56.0	702.0	92.00524246395806	
ENST00000372907	ENSNLET00000009600	TAF7L	TATA-box binding protein associated factor 7 like 	7.88177339901478	0.6814149242721999	4.0	4.0	2.0	2.0	32.0	406.0	95.75471698113208	
ENST00000590191	ENSNLET00000012638	C16orf71	chromosome 16 open reading frame 71 	7.84313725490196	0.6688784721288834	5.0	3.0	9.0	0.0	40.0	510.0	98.26589595375722	
ENST00000370540	ENSNLET00000004265	CXorf66	chromosome X open reading frame 66 	7.79944289693593	0.6382403548243001	1.0	6.0	5.0	1.0	28.0	359.0	99.72222222222223	
ENST00000332375	ENSNLET00000014982	C7orf61	chromosome 7 open reading frame 61 	7.731958762886598	0.6231624866034221	0.0	1.0	4.0	1.0	15.0	194.0	97.48743718592965	
ENST00000367759	ENSNLET00000019306	MROH9	maestro heat like repeat family member 9 	7.60233918128655	0.6948502466135077	4.0	12.0	6.0	4.0	65.0	855.0	99.53434225844005	
ENST00000216274	ENSNLET00000019730	RIPK3	receptor interacting serine/threonine kinase 3 	7.58483033932136	0.7861689726031627	2.0	4.0	1.0	0.0	38.0	501.0	99.01185770750988	
ENST00000531445	ENSNLET00000047174	C4orf50	chromosome 4 open reading frame 50 	7.570022710068129	0.6720326775918517	10.0	11.0	18.0	8.0	100.0	1321.0	94.02135231316726	
ENST00000371173	ENSNLET00000009020	ZBP1	Z-DNA binding protein 1 	7.51173708920188	0.6808113275094241	2.0	5.0	5.0	0.0	32.0	426.0	99.3006993006993	
ENST00000508628	ENSNLET00000045811	RNF213	ring finger protein 213 	7.1514182980423495	0.7391146468761097	37.0	42.0	36.0	12.0	358.0	5006.0	95.27978682908261	
ENST00000299578	ENSNLET00000033229	C16orf46	chromosome 16 open reading frame 46 	7.142857142857139	0.6436544044790732	5.0	2.0	4.0	1.0	27.0	378.0	97.42268041237114	
ENST00000329125	ENSNLET00000022220	GP1BA	glycoprotein Ib platelet subunit alpha 	7.017543859649121	0.7319579732917798	2.0	2.0	9.0	0.0	44.0	627.0	96.16564417177914	
ENST00000442999	ENSNLET00000043512	A3GALT2	alpha 1%2C3-galactosyltransferase 2 	6.96969696969697	0.6225610006952411	3.0	2.0	5.0	1.0	23.0	330.0	97.05882352941177	
ENST00000322630	ENSNLET00000000166	CEP295NL	CEP295 N-terminal like 	6.96095076400679	0.6337700705409093	0.0	5.0	9.0	7.0	41.0	589.0	98.65996649916248	Human
ENST00000651931	ENSNLET00000012223	DSPP	dentin sialophosphoprotein 	6.893295561850799	0.5760234664602811	7.0	20.0	19.0	6.0	73.0	1059.0	83.71541501976284	
ENST00000646385	ENSNLET00000000469	FRMD1	FERM domain containing 1 	6.80473372781065	0.6555227459161168	3.0	4.0	2.0	0.0	23.0	338.0	99.12023460410558	
ENST00000409561	ENSNLET00000055929	C2orf78	chromosome 2 open reading frame 78 	6.715506715506718	0.6153019007356657	6.0	11.0	14.0	1.0	55.0	819.0	98.67469879518072	
ENST00000572272	ENSNLET00000011675	NLRP1	NLR family pyrin domain containing 1 	6.512605042016809	0.7636627832594208	8.0	5.0	10.0	3.0	93.0	1428.0	97.14285714285714	
ENST00000400379	ENSNLET00000048678	ICOSLG	inducible T cell costimulator ligand 	6.371191135734072	0.6067142873869417	2.0	3.0	4.0	3.0	23.0	361.0	87.8345498783455	
ENST00000368679	ENSNLET00000001096	ADAM12	ADAM metallopeptidase domain 12 	6.29139072847682	0.7785867213257682	3.0	5.0	2.0	3.0	57.0	906.0	99.66996699669967	Gorilla
ENST00000586783	ENSNLET00000016768	C19orf57	chromosome 19 open reading frame 57 	6.289308176100628	0.6893162308931521	4.0	3.0	8.0	0.0	40.0	636.0	99.84301412872841	
ENST00000457543	ENSNLET00000019865	ZNF853	zinc finger protein 853 	6.25	0.7036872667681666	2.0	4.0	3.0	0.0	29.0	464.0	83.30341113105925	
ENST00000611571	ENSNLET00000015015	MUC1	mucin 1%2C cell surface associated 	6.17021276595745	0.703335844237319	0.0	3.0	6.0	0.0	29.0	470.0	97.30848861283644	Human
ENST00000290390	ENSNLET00000000757	C2orf81	chromosome 2 open reading frame 81 	6.1452513966480495	0.6473786102261434	0.0	4.0	9.0	2.0	33.0	537.0	99.62894248608535	Human
ENST00000627377	ENSNLET00000060299	MUM1	PWWP domain containing 3A%2C DNA repair factor 	6.10687022900763	0.6892258745198199	5.0	2.0	7.0	1.0	40.0	655.0	92.1237693389592	
ENST00000264935	ENSNLET00000013899	CEP72	centrosomal protein 72 	6.095551894563428	0.6500885248958633	7.0	1.0	7.0	2.0	37.0	607.0	99.50819672131148	
ENST00000376350	ENSNLET00000033117	PTPRH	protein tyrosine phosphatase receptor type H 	6.0	0.7084657641829131	6.0	5.0	5.0	2.0	51.0	850.0	87.8099173553719	
ENST00000255087	ENSNLET00000008415	TESMIN	testis expressed metallothionein like protein 	5.96330275229358	0.6645161512102427	3.0	4.0	3.0	0.0	26.0	436.0	92.37288135593221	
ENST00000377004	ENSNLET00000012129	C1orf127	chromosome 1 open reading frame 127 	5.954198473282441	0.6119439319470809	5.0	8.0	9.0	0.0	39.0	655.0	84.40721649484536	
ENST00000537011	ENSNLET00000014176	NUTM1	NUT midline carcinoma family member 1 	5.89473684210526	0.6099407655512722	3.0	4.0	8.0	0.0	28.0	475.0	99.3723849372385	
ENST00000595607	ENSNLET00000005528	ZNF114	zinc finger protein 114 	5.8524173027989805	0.6376238308254096	3.0	4.0	2.0	1.0	23.0	393.0	98.99244332493703	
ENST00000228463	ENSNLET00000008665	SELPLG	selectin P ligand 	5.755395683453242	0.5867729681742919	1.0	3.0	9.0	1.0	24.0	417.0	97.65807962529274	
ENST00000382483	ENSNLET00000019150	RP1L1	RP1 like 1 	5.70670205706702	0.5562412356730221	17.0	19.0	25.0	6.0	86.0	1507.0	79.60908610670893	
ENST00000227349	ENSNLET00000009466	JHY	junctional cadherin complex regulator 	5.692108667529111	0.6673399439796109	4.0	5.0	9.0	1.0	44.0	773.0	99.74193548387096	
ENST00000296161	ENSNLET00000059216	DTX3L	deltex E3 ubiquitin ligase 3L 	5.67567567567568	0.7725694770125718	1.0	3.0	5.0	0.0	42.0	740.0	100.0	
ENST00000403843	ENSNLET00000011764	ZNF683	zinc finger protein 683 	5.63380281690141	0.6799841815634063	2.0	2.0	5.0	1.0	28.0	497.0	96.69260700389106	
ENST00000452271	ENSNLET00000014271	SBSN	suprabasin 	5.62060889929742	0.6810885138655828	1.0	0.0	5.0	2.0	24.0	427.0	77.07581227436823	
ENST00000373295	ENSNLET00000022275	CFAP157	cilia and flagella associated protein 157 	5.617977528089888	0.6722500953443774	4.0	2.0	3.0	0.0	25.0	445.0	99.77578475336323	
ENST00000463781	ENSNLET00000009895	MUC4	mucin 4%2C cell surface associated 	5.58722919042189	0.6081060538942099	7.0	10.0	9.0	3.0	49.0	877.0	85.5609756097561	
ENST00000360482	ENSNLET00000002688	SPOCD1	SPOC domain containing 1 	5.56492411467116	0.6376230614994166	10.0	6.0	15.0	4.0	66.0	1186.0	99.41324392288348	
ENST00000329312	ENSNLET00000003219	CYLC1	cylicin 1 	5.55555555555556	0.6844844196414896	1.0	0.0	7.0	5.0	35.0	630.0	97.82608695652173	Chimpanzee
ENST00000303941	ENSNLET00000009337	ANKK1	ankyrin repeat and kinase domain containing 1 	5.54649265905383	0.5700456126403215	9.0	8.0	4.0	2.0	34.0	613.0	88.96952104499275	
ENST00000252840	ENSNLET00000000495	ZNF557	zinc finger protein 557 	5.51948051948052	0.6719628892787026	1.0	0.0	4.0	0.0	17.0	308.0	83.69565217391305	
ENST00000221399	ENSNLET00000050924	TULP2	TUB like protein 2 	5.46623794212219	0.605525871906717	3.0	1.0	4.0	0.0	17.0	311.0	67.6086956521739	
ENST00000298699	ENSNLET00000041864	C12orf50	chromosome 12 open reading frame 50 	5.42005420054201	0.6232259962403379	1.0	3.0	4.0	1.0	20.0	369.0	89.1304347826087	
ENST00000323777	ENSNLET00000010466	HSF5	heat shock transcription factor 5 	5.39629005059022	0.678620543512607	0.0	3.0	7.0	2.0	32.0	593.0	99.49664429530202	Human
ENST00000595661	ENSNLET00000007017	ZNF473	zinc finger protein 473 	5.39609644087256	0.6909150327143307	4.0	8.0	5.0	1.0	47.0	871.0	100.0	
ENST00000397542	ENSNLET00000056632	CDHR5	cadherin related family member 5 	5.377906976744192	0.5812365202276183	9.0	7.0	5.0	3.0	37.0	688.0	98.42632331902718	
ENST00000588649	ENSNLET00000000993	POLRMT	RNA polymerase mitochondrial 	5.279831045406549	0.7133421224641403	3.0	4.0	7.0	3.0	50.0	947.0	93.11701081612586	
ENST00000310521	ENSNLET00000003153	SPERT	spermatid associated 	5.27522935779817	0.6207213358920045	3.0	3.0	5.0	0.0	23.0	436.0	97.97752808988764	
ENST00000298738	ENSNLET00000003125	ERICH6B	glutamate rich 6B 	5.27131782945736	0.5986752686410007	5.0	3.0	7.0	5.0	34.0	645.0	96.84684684684684	
ENST00000281589	ENSNLET00000023363	PABPC3	poly(A) binding protein cytoplasmic 3 	5.26315789473684	0.6125740232144486	6.0	3.0	6.0	3.0	33.0	627.0	99.36608557844691	
ENST00000488417	ENSNLET00000004439	C1orf94	chromosome 1 open reading frame 94 	5.21008403361345	0.576336777286897	5.0	11.0	4.0	0.0	31.0	595.0	99.49832775919732	
ENST00000505024	ENSNLET00000001313	CFAP100	cilia and flagella associated protein 100 	5.1752921535893215	0.6453318557284448	2.0	4.0	4.0	4.0	31.0	599.0	98.03600654664484	
ENST00000619903	ENSNLET00000017607	TEX28	testis expressed 28 	5.121951219512201	0.6715712285430347	0.0	1.0	5.0	1.0	21.0	410.0	100.0	
ENST00000219596	ENSNLET00000012307	MEFV	MEFV innate immuity regulator%2C pyrin 	5.12163892445583	0.6082654435595112	5.0	7.0	5.0	6.0	40.0	781.0	100.0	
ENST00000230256	ENSNLET00000014859	UNC93A	unc-93 homolog A 	5.10204081632653	0.6449551740263791	0.0	0.0	4.0	1.0	15.0	294.0	79.67479674796748	
ENST00000366514	ENSNLET00000005278	TFB2M	transcription factor B2%2C mitochondrial 	5.10204081632653	0.7047431557785021	1.0	0.0	4.0	0.0	20.0	392.0	99.74554707379134	
ENST00000451887	ENSNLET00000019423	CCDC129	ITPR interacting domain containing 1 	5.06958250497018	0.5641327251383456	6.0	13.0	14.0	4.0	51.0	1006.0	95.44592030360532	
ENST00000411486	ENSNLET00000010842	HJURP	Holliday junction recognition protein 	5.06849315068493	0.5555911537889566	10.0	11.0	5.0	1.0	37.0	730.0	98.38274932614556	
ENST00000368654	ENSNLET00000001863	MKI67	marker of proliferation Ki-67 	5.0527662296130496	0.6050679261921037	24.0	24.0	40.0	14.0	158.0	3127.0	96.12665232093453	
ENST00000502583	ENSNLET00000014813	CAGE1	cancer antigen 1 	5.005959475566151	0.6463344438328197	1.0	6.0	13.0	0.0	42.0	839.0	100.0	Human
ENST00000378679	ENSNLET00000016410	SHROOM1	shroom family member 1 	4.98753117206983	0.6079238354286977	5.0	3.0	11.0	4.0	40.0	802.0	94.3529411764706	
ENST00000646272	ENSNLET00000005284	RHAG	Rh associated glycoprotein 	4.9751243781094505	0.6611946306082876	1.0	2.0	4.0	0.0	20.0	402.0	98.2885085574572	
ENST00000612156	ENSNLET00000057387	ADPRHL1	ADP-ribosylhydrolase like 1 	4.96083550913838	0.6065163142617948	14.0	17.0	13.0	3.0	76.0	1532.0	91.57202630005978	
ENST00000400288	ENSNLET00000005781	SFI1	SFI1 centrin binding protein 	4.94864612511671	0.6186667354222262	6.0	7.0	12.0	5.0	53.0	1071.0	92.32758620689656	
ENST00000567949	ENSNLET00000042563	CTU2	cytosolic thiouridylase subunit 2 	4.94845360824742	0.6301515994611457	2.0	4.0	2.0	3.0	24.0	485.0	94.3579766536965	
ENST00000371201	ENSNLET00000018934	C1orf87	chromosome 1 open reading frame 87 	4.94505494505495	0.7223960912194693	2.0	0.0	5.0	0.0	27.0	546.0	100.0	Chimpanzee
ENST00000529051	ENSNLET00000009498	CCDC15	coiled-coil domain containing 15 	4.943820224719099	0.7422024492020252	4.0	2.0	3.0	3.0	44.0	890.0	95.18716577540107	
ENST00000553443	ENSNLET00000005011	TTC6	tetratricopeptide repeat domain 6 	4.94071146245059	0.6277963768374005	16.0	15.0	10.0	1.0	75.0	1518.0	92.50457038391225	
ENST00000343457	ENSNLET00000010403	LRRC66	leucine rich repeat containing 66 	4.88636363636364	0.599197323755597	6.0	3.0	15.0	2.0	43.0	880.0	100.0	
ENST00000360356	ENSNLET00000000395	PARP9	poly(ADP-ribose) polymerase family member 9 	4.88400488400488	0.6454541405821567	3.0	7.0	8.0	1.0	40.0	819.0	100.0	
ENST00000376042	ENSNLET00000010424	CCNB3	cyclin B3 	4.88155061019383	0.6618785036881186	6.0	6.0	16.0	4.0	68.0	1393.0	100.0	
ENST00000598234	ENSNLET00000034366	AC099489.1	novel lipoprotein amino terminal region containing protein	4.87544483985765	0.6182280715501642	27.0	25.0	23.0	8.0	137.0	2810.0	88.1983678593848	
ENST00000637938	ENSNLET00000013695	PLEKHG4B	pleckstrin homology and RhoGEF domain containing G4B 	4.8480930833872	0.6227999680497421	9.0	13.0	15.0	6.0	75.0	1547.0	98.53503184713375	
ENST00000302495	ENSNLET00000049602	HTRA4	HtrA serine peptidase 4 	4.831932773109241	0.6535805179405791	1.0	2.0	4.0	2.0	23.0	476.0	100.0	
ENST00000534898	ENSNLET00000032190	KIAA0391	protein only RNase P catalytic subunit 	4.82758620689655	0.6792322263261129	3.0	1.0	4.0	2.0	28.0	580.0	99.48542024013722	
ENST00000613979	ENSNLET00000049353	ZAN	zonadhesin (gene/pseudogene) 	4.8254620123203305	0.523653783510724	23.0	16.0	35.0	10.0	94.0	1948.0	81.54039347007117	
ENST00000262961	ENSNLET00000003719	ZFR2	zinc finger RNA binding protein 2 	4.81927710843374	0.5602565981127082	3.0	11.0	13.0	5.0	44.0	913.0	98.27771797631863	
ENST00000537465	ENSNLET00000044228	PMFBP1	polyamine modulated factor 1 binding protein 1 	4.80446927374302	0.6615561073202926	5.0	4.0	7.0	3.0	43.0	895.0	90.67882472137791	
ENST00000296438	ENSNLET00000043185	FBXW12	F-box and WD repeat domain containing 12 	4.7945205479452095	0.6329496544359208	0.0	2.0	7.0	0.0	21.0	438.0	94.60043196544277	
ENST00000637017	ENSNLET00000012241	ZNF831	zinc finger protein 831 	4.77897252090801	0.5956478315421699	9.0	9.0	30.0	4.0	80.0	1674.0	99.94029850746269	
ENST00000307529	ENSNLET00000006180	ZBBX	zinc finger B-box domain containing 	4.75594493116396	0.5537850207759661	11.0	6.0	11.0	0.0	38.0	799.0	99.875	
ENST00000398814	ENSNLET00000018415	CCDC33	coiled-coil domain containing 33 	4.71841704718417	0.5659690877249272	7.0	9.0	5.0	0.0	31.0	657.0	91.5041782729805	
ENST00000347785	ENSNLET00000002498	CD5	CD5 molecule 	4.70347648261759	0.6713704215922667	1.0	1.0	4.0	2.0	23.0	489.0	98.78787878787878	
ENST00000379558	ENSNLET00000019602	TOGARAM2	TOG array regulator of axonemal microtubules 2 	4.6747967479674815	0.5445098210440773	18.0	7.0	10.0	1.0	46.0	984.0	97.23320158102767	
ENST00000318184	ENSNLET00000007205	OVCH1	ovochymase 1 	4.67111534795043	0.6375026264187729	4.0	7.0	12.0	2.0	49.0	1049.0	96.32690541781452	
ENST00000510617	ENSNLET00000014342	CCDC110	coiled-coil domain containing 110 	4.62351387054161	0.5948180570262958	8.0	6.0	6.0	1.0	35.0	757.0	94.38902743142144	
ENST00000269289	ENSNLET00000022184	ZMYND15	zinc finger MYND-type containing 15 	4.59610027855153	0.5905399948952789	2.0	3.0	12.0	3.0	33.0	718.0	97.289972899729	
ENST00000221671	ENSNLET00000054297	C19orf44	chromosome 19 open reading frame 44 	4.59418070444104	0.5785213226069187	2.0	2.0	10.0	5.0	30.0	653.0	99.39117199391173	
ENST00000292779	ENSNLET00000000259	CCDC116	coiled-coil domain containing 116 	4.59016393442623	0.5731552810542935	5.0	6.0	7.0	0.0	28.0	610.0	99.51060358890702	
ENST00000380152	ENSNLET00000001353	BRCA2	BRCA2 DNA repair associated 	4.57343887423043	0.7771117792475513	12.0	12.0	17.0	1.0	156.0	3411.0	99.85362997658079	
ENST00000253697	ENSNLET00000006576	C3orf20	chromosome 3 open reading frame 20 	4.57209847596717	0.6494944429217507	1.0	3.0	11.0	3.0	39.0	853.0	99.53325554259044	Human
ENST00000305815	ENSNLET00000005403	SLC9C1	solute carrier family 9 member C1 	4.56896551724138	0.6252751201482016	12.0	6.0	8.0	3.0	53.0	1160.0	98.97610921501706	
ENST00000447166	ENSNLET00000004913	C2orf16	chromosome 2 open reading frame 16 	4.56547857428915	0.6185342813515446	43.0	37.0	43.0	17.0	228.0	4994.0	94.0844009042954	
ENST00000283141	ENSNLET00000000824	SYCP2L	synaptonemal complex protein 2 like 	4.55665024630542	0.64854619480389	3.0	3.0	9.0	2.0	37.0	812.0	100.0	
ENST00000612677	ENSNLET00000013687	RAB44	RAB44%2C member RAS oncogene family 	4.53038674033149	0.6929138003582547	4.0	4.0	6.0	1.0	41.0	905.0	97.41657696447794	
ENST00000617875	ENSNLET00000013878	RECQL4	RecQ like helicase 4 	4.52358036573629	0.5760573668598143	8.0	5.0	10.0	9.0	47.0	1039.0	91.38082673702726	
ENST00000200453	ENSNLET00000038335	PPP1R15A	protein phosphatase 1 regulatory subunit 15A 	4.51807228915663	0.6245417655045229	7.0	3.0	4.0	1.0	30.0	664.0	98.51632047477744	
ENST00000436881	ENSNLET00000010911	AJM1	apical junction component 1 homolog 	4.4982698961937695	0.6629198062258785	2.0	1.0	6.0	1.0	26.0	578.0	85.50295857988165	
ENST00000399080	ENSNLET00000001910	RAD51AP2	RAD51 associated protein 2 	4.49050086355786	0.5507579182931882	7.0	14.0	15.0	4.0	52.0	1158.0	100.0	
ENST00000356539	ENSNLET00000005077	LEKR1	leucine%2C glutamate and lysine rich 1 	4.4797687861271696	0.7479380560400041	0.0	1.0	6.0	0.0	31.0	692.0	100.0	Human
ENST00000361673	ENSNLET00000010572	ALPK2	alpha kinase 2 	4.47330447330447	0.6071621431568992	15.0	16.0	14.0	13.0	93.0	2079.0	99.71223021582733	
ENST00000259808	ENSNLET00000014133	RIPK1	receptor interacting serine/threonine kinase 1 	4.47093889716841	0.7250678292484268	0.0	4.0	2.0	2.0	30.0	671.0	100.0	Human
ENST00000408989	ENSNLET00000018566	UMODL1	uromodulin like 1 	4.46886446886447	0.5730669411918959	20.0	13.0	8.0	2.0	61.0	1365.0	95.18828451882845	
ENST00000453908	ENSNLET00000014536	SH3D21	SH3 domain containing 21 	4.4096728307254605	0.5759206886780259	7.0	6.0	5.0	2.0	31.0	703.0	98.18435754189944	
ENST00000392432	ENSNLET00000043873	TMEM44	transmembrane protein 44 	4.39276485788114	0.6043275704371625	2.0	5.0	1.0	0.0	17.0	387.0	89.37644341801386	
ENST00000402510	ENSNLET00000018942	KIAA1210	KIAA1210 	4.39146800501882	0.6009123725114522	8.0	7.0	22.0	7.0	70.0	1594.0	96.13992762364295	
ENST00000443866	ENSNLET00000040090	CROCC2	ciliary rootlet coiled-coil%2C rootletin family member 2 	4.32724814063556	0.5325122539304529	10.0	12.0	25.0	7.0	64.0	1479.0	94.14385741565881	
ENST00000442510	ENSNLET00000023059	PTPRC	protein tyrosine phosphatase receptor type C 	4.32050274941084	0.7707734154094597	2.0	5.0	3.0	3.0	55.0	1273.0	97.62269938650307	
ENST00000612478	ENSNLET00000018334	R3HCC1L	R3H domain and coiled-coil containing 1 like 	4.30379746835443	0.5597399439144087	10.0	5.0	8.0	1.0	34.0	790.0	99.74747474747475	
ENST00000367588	ENSNLET00000020394	KIAA1614	KIAA1614 	4.30009149130833	0.5494960911829828	13.0	7.0	15.0	1.0	47.0	1093.0	91.84873949579831	
ENST00000397545	ENSNLET00000019841	CCDC40	coiled-coil domain containing 40 	4.29722470904208	0.6244788045201322	7.0	9.0	10.0	0.0	48.0	1117.0	98.2409850483729	
ENST00000374408	ENSNLET00000013061	FAM83C	family with sequence similarity 83 member C 	4.28954423592493	0.5831876111687324	4.0	3.0	10.0	3.0	32.0	746.0	100.0	
ENST00000411463	ENSNLET00000020307	R3HCC1	R3H domain and coiled-coil containing 1 	4.2889390519187405	0.6103914538098486	1.0	2.0	5.0	1.0	19.0	443.0	95.26881720430107	
ENST00000614641	ENSNLET00000006254	DNAI1	dynein axonemal intermediate chain 1 	4.28360413589365	0.7017765979344783	2.0	4.0	3.0	0.0	29.0	677.0	96.85264663805437	
ENST00000366534	ENSNLET00000005100	CATSPERE	catsper channel auxiliary subunit epsilon 	4.28100987925357	0.6103050193463134	3.0	11.0	4.0	4.0	39.0	911.0	97.74678111587983	
ENST00000294635	ENSNLET00000012164	LRRC53	leucine rich repeat containing 53 	4.2741935483871005	0.6394823653489878	13.0	5.0	7.0	2.0	53.0	1240.0	99.59839357429719	
ENST00000278886	ENSNLET00000019998	NINL	ninein like 	4.27215189873418	0.5770146490759024	10.0	9.0	17.0	1.0	54.0	1264.0	92.0611798980335	
ENST00000620374	ENSNLET00000013771	ZNF195	zinc finger protein 195 	4.265402843601899	0.7218078003130675	5.0	1.0	1.0	0.0	27.0	633.0	100.0	
ENST00000358526	ENSNLET00000010401	AKAP4	A-kinase anchoring protein 4 	4.260355029585799	0.6533400582638957	2.0	3.0	8.0	3.0	36.0	845.0	100.0	
ENST00000396073	ENSNLET00000009826	ENAM	enamelin 	4.25752855659398	0.650406265579586	6.0	7.0	5.0	1.0	41.0	963.0	99.89626556016597	
ENST00000381989	ENSNLET00000017219	PARP4	poly(ADP-ribose) polymerase family member 4 	4.25378514780101	0.6227996112868283	8.0	8.0	14.0	3.0	59.0	1387.0	92.28210246174318	
ENST00000290607	ENSNLET00000005793	STARD9	StAR related lipid transfer domain containing 9 	4.25065731814198	0.5968594972750146	27.0	26.0	59.0	18.0	194.0	4564.0	99.32535364526659	
ENST00000263071	ENSNLET00000001064	SCARF1	scavenger receptor class F member 1 	4.23280423280423	0.6513043288225429	3.0	4.0	6.0	1.0	32.0	756.0	95.09433962264151	
ENST00000254630	ENSNLET00000003287	PTCD3	pentatricopeptide repeat domain 3 	4.22740524781341	0.6424549509546222	0.0	5.0	6.0	2.0	29.0	686.0	99.56458635703919	Human
ENST00000367854	ENSNLET00000018907	RCSD1	RCSD domain containing 1 	4.20792079207921	0.6706959857531194	0.0	1.0	4.0	0.0	17.0	404.0	97.82082324455206	
ENST00000651472	ENSNLET00000000074	TACC3	transforming acidic coiled-coil containing protein 3 	4.18250950570342	0.6111689102667125	5.0	2.0	10.0	1.0	33.0	789.0	97.76951672862454	
ENST00000537469	ENSNLET00000003050	IQCC	IQ motif containing C 	4.13223140495868	0.6219256993554233	2.0	2.0	4.0	1.0	20.0	484.0	98.77551020408163	
ENST00000330560	ENSNLET00000020611	CDCA2	cell division cycle associated 2 	4.1194644696189515	0.6071999572618156	6.0	6.0	7.0	4.0	40.0	971.0	99.08163265306122	
ENST00000359759	ENSNLET00000003331	COL18A1	collagen type XVIII alpha 1 chain 	4.11073825503356	0.6369642963302911	11.0	6.0	7.0	1.0	49.0	1192.0	83.008356545961	
ENST00000620267	ENSNLET00000007279	PKD1L3	polycystin 1 like 3%2C transient receptor potential channel interacting 	4.10958904109589	0.5467526605901534	17.0	11.0	16.0	11.0	69.0	1679.0	98.76470588235294	
ENST00000312561	ENSNLET00000021068	KIAA1551	retroelement silencing factor 1 	4.09457900807382	0.6355219236982441	10.0	7.0	19.0	2.0	71.0	1734.0	99.3127147766323	
ENST00000406230	ENSNLET00000018783	CSF2RB	colony stimulating factor 2 receptor beta common subunit 	4.086265607264471	0.5914003952732579	5.0	3.0	10.0	4.0	36.0	881.0	97.56367663344408	
ENST00000376406	ENSNLET00000006794	MDC1	mediator of DNA damage checkpoint 1 	4.07955124936257	0.6175859490457504	7.0	16.0	21.0	3.0	80.0	1961.0	95.8455522971652	
ENST00000326665	ENSNLET00000012181	ERICH3	glutamate rich 3 	4.076265614727149	0.5664304448839942	15.0	10.0	18.0	2.0	62.0	1521.0	99.93429697766098	
ENST00000327097	ENSNLET00000015139	MARCO	macrophage receptor with collagenous structure 	4.05405405405405	0.5987460647968261	5.0	2.0	3.0	1.0	21.0	518.0	99.61538461538461	
ENST00000583600	ENSNLET00000005869	MARCH10	membrane associated ring-CH-type finger 10 	4.05228758169935	0.6077782784731808	7.0	2.0	7.0	1.0	31.0	765.0	99.609375	
ENST00000436022	ENSNLET00000018459	EFCC1	EF-hand and coiled-coil domain containing 1 	4.04494382022472	0.5978716455291375	4.0	2.0	3.0	0.0	18.0	445.0	89.53722334004024	
ENST00000393217	ENSNLET00000006839	LRRIQ1	leucine rich repeats and IQ motif containing 1 	4.028436018957351	0.6091493019412229	9.0	7.0	21.0	4.0	68.0	1688.0	99.76359338061465	
ENST00000551245	ENSNLET00000022749	TROAP	trophinin associated protein 	4.02075226977951	0.7148861195500898	3.0	0.0	4.0	2.0	31.0	771.0	97.10327455919395	Chimpanzee
ENST00000498273	ENSNLET00000019030	L1TD1	LINE1 type transposase domain containing 1 	4.01891252955083	0.5779288939675116	5.0	7.0	5.0	5.0	34.0	846.0	97.91666666666667	
ENST00000279024	ENSNLET00000008057	KIAA1755	KIAA1755 	4.0142729705620015	0.6518824571272411	7.0	6.0	7.0	1.0	45.0	1121.0	94.5193929173693	
ENST00000381550	ENSNLET00000022124	GGT6	gamma-glutamyltransferase 6 	4.00801603206413	0.6217959719912621	2.0	2.0	4.0	1.0	20.0	499.0	100.0	
ENST00000623247	ENSNLET00000044241	CLEC20A	C-type lectin domain containing 20A 	4.0	0.6110748311134007	3.0	0.0	4.0	0.0	16.0	400.0	100.0	
ENST00000367714	ENSNLET00000019485	SLC9C2	solute carrier family 9 member C2 (putative) 	3.98912058023572	0.6754782618026878	3.0	5.0	9.0	1.0	44.0	1103.0	99.72875226039783	
ENST00000645453	ENSNLET00000033313	MYO15B	myosin XVB 	3.98175031107424	0.5644691949014301	17.0	15.0	34.0	6.0	96.0	2411.0	92.41088539670372	
ENST00000367851	ENSNLET00000019006	ADCY10	adenylate cyclase 10 	3.9735099337748303	0.6264012091302409	7.0	9.0	14.0	3.0	60.0	1510.0	99.47299077733861	
ENST00000344304	ENSNLET00000001356	TEX11	testis expressed 11 	3.9735099337748303	0.5729491789965196	1.0	10.0	11.0	2.0	36.0	906.0	99.34210526315789	Human
ENST00000232603	ENSNLET00000005102	MORC1	MORC family CW-type zinc finger 1 	3.9714867617107896	0.629038603329602	5.0	7.0	6.0	2.0	39.0	982.0	99.79674796747967	
ENST00000272418	ENSNLET00000000002	MRPS5	mitochondrial ribosomal protein S5 	3.96270396270396	0.6039004548088239	1.0	0.0	5.0	2.0	17.0	429.0	99.76744186046511	
ENST00000358731	ENSNLET00000005714	BDP1	B double prime 1%2C subunit of RNA polymerase III transcription initiation factor IIIB 	3.93030794165316	0.6485342155842092	16.0	16.0	18.0	0.0	97.0	2468.0	95.4369682907966	
ENST00000445819	ENSNLET00000011002	MAMDC4	MAM domain containing 4 	3.91993327773144	0.6273758015643318	6.0	6.0	9.0	4.0	47.0	1199.0	99.66749792186201	
ENST00000333244	ENSNLET00000020879	AHNAK2	AHNAK nucleoprotein 2 	3.90920554854981	0.64386865047971	6.0	3.0	5.0	0.0	31.0	793.0	100.0	
ENST00000284694	ENSNLET00000001131	C10orf90	chromosome 10 open reading frame 90 	3.90738060781476	0.5873018333554358	4.0	5.0	6.0	1.0	27.0	691.0	100.0	
ENST00000636465	ENSNLET00000035051	LRMP	lymphoid restricted membrane protein 	3.90516039051604	0.6235134129855635	9.0	9.0	10.0	3.0	56.0	1434.0	99.93031358885017	
ENST00000407559	ENSNLET00000002339	WDR60	WD repeat domain 60 	3.89321468298109	0.6039205905029635	3.0	5.0	9.0	3.0	35.0	899.0	95.33404029692471	
ENST00000369980	ENSNLET00000039384	IRAK1	interleukin 1 receptor associated kinase 1 	3.883495145631069	0.6215959891877041	3.0	2.0	4.0	0.0	20.0	515.0	76.52303120356612	
ENST00000442668	ENSNLET00000020898	NOL8	nucleolar protein 8 	3.87673956262425	0.6009065439646429	7.0	7.0	8.0	1.0	39.0	1006.0	93.06197964847364	
ENST00000323662	ENSNLET00000013409	WDR97	WD repeat domain 97 	3.87647831800263	0.5299270574725621	18.0	12.0	18.0	2.0	59.0	1522.0	97.25239616613419	
ENST00000519811	ENSNLET00000055611	DENND3	DENN domain containing 3 	3.86831275720165	0.5620276313094844	9.0	11.0	10.0	4.0	47.0	1215.0	98.46029173419772	
ENST00000289672	ENSNLET00000005712	PKD1L1	polycystin 1 like 1%2C transient receptor potential channel interacting 	3.86171386539169	0.5767940574797211	19.0	27.0	22.0	7.0	105.0	2719.0	96.35010630758327	
ENST00000665763	ENSNLET00000017935	CCDC57	coiled-coil domain containing 57 	3.8509316770186297	0.5964838921734775	8.0	4.0	4.0	2.0	31.0	805.0	97.57575757575758	
ENST00000263753	ENSNLET00000004494	SGO1	shugoshin 1 	3.84615384615385	0.6038591528278702	5.0	3.0	2.0	0.0	20.0	520.0	98.67172675521822	
ENST00000314742	ENSNLET00000001272	LINS1	lines homolog 1 	3.84615384615385	0.5807370022274231	6.0	2.0	8.0	2.0	29.0	754.0	99.60369881109644	
ENST00000278935	ENSNLET00000032464	CEP164	centrosomal protein 164 	3.84341637010676	0.7466588579944865	6.0	3.0	4.0	2.0	54.0	1405.0	98.25174825174825	
ENST00000371153	ENSNLET00000019040	KANK4	KN motif and ankyrin repeat domains 4 	3.81909547738693	0.5772093385322056	8.0	6.0	11.0	0.0	38.0	995.0	100.0	
ENST00000360314	ENSNLET00000008980	CASS4	Cas scaffold protein family member 4 	3.81679389312977	0.5997574951391029	4.0	10.0	3.0	0.0	30.0	786.0	100.0	
ENST00000397899	ENSNLET00000002616	KIAA1211L	KIAA1211 like 	3.8083538083538095	0.6568904685903065	4.0	1.0	5.0	3.0	31.0	814.0	96.67458432304038	Chimpanzee
ENST00000621958	ENSNLET00000000681	GPR179	G protein-coupled receptor 179 	3.7920749893481	0.6653726049094932	7.0	11.0	21.0	3.0	89.0	2347.0	99.74500637484063	Human
ENST00000389301	ENSNLET00000050677	FANCA	FA complementation group A 	3.79075056861258	0.5463833236060391	9.0	9.0	12.0	9.0	50.0	1319.0	93.14971751412429	
ENST00000367188	ENSNLET00000018156	PPP1R15B	protein phosphatase 1 regulatory subunit 15B 	3.7868162692847096	0.5872119242613121	6.0	3.0	5.0	2.0	27.0	713.0	100.0	
ENST00000284995	ENSNLET00000005984	TSEN2	tRNA splicing endonuclease subunit 2 	3.78619153674833	0.6037253712657042	1.0	2.0	5.0	0.0	17.0	449.0	98.89867841409692	
ENST00000552788	ENSNLET00000007102	NWD1	NACHT and WD repeat domain containing 1 	3.78266850068776	0.5870785981880522	13.0	9.0	12.0	2.0	55.0	1454.0	94.41558441558442	
ENST00000645567	ENSNLET00000014618	FAM208B	transcription activation suppressor family member 2 	3.77833753148615	0.5831482137554834	29.0	19.0	14.0	0.0	90.0	2382.0	98.9613626921479	
ENST00000330843	ENSNLET00000015543	RAB11FIP1	RAB11 family interacting protein 1 	3.7698412698412698	0.6036470531207121	8.0	4.0	10.0	0.0	38.0	1008.0	86.97152717860224	
ENST00000311764	ENSNLET00000018042	ZNF408	zinc finger protein 408 	3.76044568245125	0.6703478720511117	3.0	2.0	5.0	0.0	27.0	718.0	100.0	
ENST00000374144	ENSNLET00000020110	C10orf71	chromosome 10 open reading frame 71 	3.75399361022364	0.6352301718734669	12.0	2.0	7.0	3.0	47.0	1252.0	97.12955779674166	Chimpanzee
ENST00000613296	ENSNLET00000000374	ALMS1	ALMS1 centrosome and basal body associated protein 	3.72434760577654	0.5839903645830076	31.0	36.0	33.0	3.0	147.0	3947.0	97.40868706811452	
ENST00000297508	ENSNLET00000010849	MICALL2	MICAL like 2 	3.712296983758701	0.5826108229102326	7.0	6.0	7.0	0.0	32.0	862.0	96.96287964004499	
ENST00000273853	ENSNLET00000011598	CENPC	centromere protein C 	3.71155885471898	0.6702391856752038	1.0	5.0	7.0	1.0	35.0	943.0	100.0	Human
ENST00000325212	ENSNLET00000009052	CEP295	centrosomal protein 295 	3.7094884810620896	0.5785151454831478	19.0	15.0	26.0	7.0	95.0	2561.0	98.6897880539499	
ENST00000615445	ENSNLET00000018860	PTPRJ	protein tyrosine phosphatase receptor type J 	3.68248772504092	0.6702927322078546	4.0	5.0	8.0	2.0	45.0	1222.0	95.3198127925117	
ENST00000268624	ENSNLET00000059226	ADAD2	adenosine deaminase domain containing 2 	3.67775831873905	0.6507199794036183	3.0	4.0	1.0	0.0	21.0	571.0	100.0	
ENST00000373631	ENSNLET00000021990	CRB2	crumbs cell polarity complex component 2 	3.67170626349892	0.6639935604991017	5.0	6.0	2.0	1.0	34.0	926.0	87.27615457115928	Gorilla
ENST00000325418	ENSNLET00000023872	HASPIN	histone H3 associated protein kinase 	3.67088607594937	0.6285820980743887	2.0	7.0	5.0	0.0	29.0	790.0	100.0	
ENST00000335875	ENSNLET00000006436	SLC6A16	solute carrier family 6 member 16 	3.66847826086957	0.6259882725663055	4.0	4.0	4.0	1.0	27.0	736.0	100.0	
ENST00000409122	ENSNLET00000006697	MEIOC	meiosis specific with coiled-coil domain 	3.6598493003229295	0.6400524308843597	5.0	4.0	6.0	1.0	34.0	929.0	99.67811158798283	
ENST00000367559	ENSNLET00000022987	RNASEL	ribonuclease L 	3.65853658536585	0.6121222103130176	2.0	9.0	3.0	0.0	27.0	738.0	99.59514170040485	
ENST00000325157	ENSNLET00000019484	ENTHD1	ENTH domain containing 1 	3.64238410596026	0.5935085311496313	2.0	3.0	5.0	2.0	22.0	604.0	99.66996699669967	
ENST00000281581	ENSNLET00000017217	CCDC175	coiled-coil domain containing 175 	3.63636363636364	0.6077694115927301	6.0	6.0	3.0	0.0	28.0	770.0	97.09962168978562	
ENST00000288710	ENSNLET00000002709	DRC1	dynein regulatory complex subunit 1 	3.6231884057971	0.6702017375106443	4.0	1.0	4.0	0.0	25.0	690.0	99.42363112391931	
ENST00000285238	ENSNLET00000055470	ABCC3	ATP binding cassette subfamily C member 3 	3.6068530207394	0.6867987685048179	6.0	4.0	5.0	0.0	40.0	1109.0	84.52743902439025	
ENST00000636174	ENSNLET00000002351	FBF1	Fas binding factor 1 	3.6036036036036	0.6779410478494694	5.0	3.0	1.0	1.0	28.0	777.0	83.01282051282051	Gorilla
ENST00000483725	ENSNLET00000018062	KIAA0408	KIAA0408 	3.60230547550432	0.6702054402317924	5.0	2.0	1.0	1.0	25.0	694.0	100.0	Gorilla
ENST00000265007	ENSNLET00000005286	SOX30	SRY-box transcription factor 30 	3.6	0.6123845918215967	3.0	2.0	6.0	3.0	27.0	750.0	99.60159362549801	
ENST00000388914	ENSNLET00000010391	CCDC158	coiled-coil domain containing 158 	3.5971223021582697	0.7623061730605211	2.0	2.0	5.0	0.0	40.0	1112.0	100.0	
ENST00000366758	ENSNLET00000045010	JMJD4	jumonji domain containing 4 	3.58744394618834	0.6332053129901466	4.0	1.0	1.0	0.0	16.0	446.0	99.77628635346755	
ENST00000284601	ENSNLET00000014525	PPP1R3A	protein phosphatase 1 regulatory subunit 3A 	3.5714285714285694	0.5978843041038999	7.0	4.0	7.0	6.0	40.0	1120.0	100.0	
ENST00000357799	ENSNLET00000008825	SGO2	shugoshin 2 	3.5714285714285694	0.6359525578463441	5.0	6.0	8.0	2.0	42.0	1176.0	99.32432432432432	
ENST00000525773	ENSNLET00000003089	PARP10	poly(ADP-ribose) polymerase family member 10 	3.5502958579881696	0.5557634311550936	8.0	10.0	5.0	3.0	36.0	1014.0	98.92682926829268	
ENST00000389622	ENSNLET00000002562	CRYBG3	crystallin beta-gamma domain containing 3 	3.5502958579881696	0.5789287010552837	23.0	12.0	27.0	10.0	102.0	2873.0	98.22222222222223	
ENST00000356575	ENSNLET00000037377	MEGF6	multiple EGF like domains 6 	3.53753235547886	0.5709209679776435	15.0	5.0	5.0	3.0	41.0	1159.0	83.38129496402878	
ENST00000529487	ENSNLET00000021515	CCDC180	coiled-coil domain containing 180 	3.53598014888337	0.5835279047078931	10.0	9.0	15.0	4.0	57.0	1612.0	96.93325315694528	
ENST00000590202	ENSNLET00000011842	ZNF519	zinc finger protein 519 	3.5250463821892404	0.6096823163129889	4.0	1.0	1.0	3.0	19.0	539.0	100.0	
ENST00000651672	ENSNLET00000019915	CARD14	caspase recruitment domain family member 14 	3.5046728971962597	0.6112219891406333	2.0	6.0	8.0	0.0	30.0	856.0	91.94414607948443	
ENST00000432561	ENSNLET00000015881	CHFR	checkpoint with forkhead and ring finger domains 	3.49907918968692	0.6284422038351896	0.0	2.0	5.0	1.0	19.0	543.0	85.91772151898734	Human
ENST00000377819	ENSNLET00000005913	RTN3	reticulon 3 	3.49854227405248	0.6414311020718003	4.0	5.0	7.0	1.0	36.0	1029.0	99.70930232558139	
ENST00000391773	ENSNLET00000007878	NLRP12	NLR family pyrin domain containing 12 	3.49386213408876	0.6367900886230347	5.0	7.0	6.0	0.0	37.0	1059.0	99.90566037735849	
ENST00000549091	ENSNLET00000010414	WDR90	WD repeat domain 90 	3.49143610013175	0.6101561340275312	8.0	5.0	15.0	3.0	53.0	1518.0	94.63840399002494	
ENST00000233027	ENSNLET00000056974	NEK4	NIMA related kinase 4 	3.48387096774194	0.6546419498932907	4.0	3.0	4.0	0.0	27.0	775.0	95.67901234567901	
ENST00000443173	ENSNLET00000023510	ERVMER34-1	endogenous retrovirus group MER34 member 1%2C envelope 	3.47985347985348	0.6486335434047118	1.0	4.0	2.0	0.0	19.0	546.0	100.0	
ENST00000233623	ENSNLET00000000912	TTC31	tetratricopeptide repeat domain 31 	3.47490347490347	0.6368197894594261	4.0	2.0	1.0	0.0	18.0	518.0	99.8073217726397	
ENST00000618327	ENSNLET00000012968	CIITA	class II major histocompatibility complex transactivator 	3.4671532846715296	0.6033923003818962	6.0	3.0	11.0	2.0	38.0	1096.0	96.9053934571176	
ENST00000570156	ENSNLET00000053727	OBSCN	obscurin%2C cytoskeletal calmodulin and titin-interacting RhoGEF 	3.45256180085624	0.5418907641034857	33.0	49.0	92.0	37.0	250.0	7241.0	89.727385377943	
ENST00000646931	ENSNLET00000016889	CC2D2B	coiled-coil and C2 domain containing 2B 	3.45158197507191	0.6201929989486583	2.0	6.0	5.0	6.0	36.0	1043.0	98.58223062381853	Human
ENST00000382192	ENSNLET00000012256	ZNF205	zinc finger protein 205 	3.4420289855072497	0.6095634014617171	3.0	2.0	4.0	0.0	19.0	552.0	100.0	
ENST00000294854	ENSNLET00000022985	RGSL1	regulator of G protein signaling like 1 	3.44186046511628	0.6067097293694621	6.0	5.0	7.0	3.0	37.0	1075.0	99.90706319702602	
ENST00000337714	ENSNLET00000059101	AKAP1	A-kinase anchoring protein 1 	3.44062153163152	0.5648596222381462	5.0	8.0	6.0	2.0	31.0	901.0	99.88913525498891	
ENST00000358897	ENSNLET00000009682	FHAD1	forkhead associated phosphopeptide binding domain 1 	3.43980343980344	0.5925329550328949	5.0	7.0	10.0	4.0	42.0	1221.0	91.05145413870247	
ENST00000327757	ENSNLET00000019537	PLB1	phospholipase B1 	3.4331628926223496	0.6889320331845723	1.0	3.0	10.0	4.0	47.0	1369.0	96.5444287729196	
ENST00000647536	ENSNLET00000009727	TDRD12	tudor domain containing 12 	3.4058656575212902	0.6002916007550735	5.0	7.0	4.0	5.0	36.0	1057.0	92.63803680981596	
ENST00000552912	ENSNLET00000050072	IFT81	intraflagellar transport 81 	3.40236686390533	0.7303065005446104	0.0	1.0	4.0	0.0	23.0	676.0	100.0	Human
ENST00000638951	ENSNLET00000015301	TEX15	testis expressed 15%2C meiosis and synapsis associated 	3.4000635525897698	0.5747185619608067	23.0	12.0	33.0	9.0	107.0	3147.0	99.36848752762867	
ENST00000338034	ENSNLET00000018677	ELAC2	elaC ribonuclease Z 2 	3.3877038895859504	0.6545071748554767	5.0	2.0	4.0	0.0	27.0	797.0	98.0319803198032	
ENST00000251642	ENSNLET00000032504	DHX58	DExH-box helicase 58 	3.3840947546531304	0.5868161138463719	4.0	2.0	4.0	1.0	20.0	591.0	91.91290824261276	
ENST00000393965	ENSNLET00000000861	CCDC142	coiled-coil domain containing 142 	3.382949932341	0.6375969329135945	1.0	4.0	4.0	2.0	25.0	739.0	99.46164199192464	
ENST00000316081	ENSNLET00000005741	TDRD6	tudor domain containing 6 	3.38000965717045	0.6545315699740107	5.0	5.0	20.0	4.0	70.0	2071.0	98.90162368672398	
ENST00000258888	ENSNLET00000035402	ALPK3	alpha kinase 3 	3.37150127226463	0.5967031297191714	9.0	7.0	15.0	2.0	53.0	1572.0	96.08801955990221	
ENST00000436147	ENSNLET00000016430	BTBD18	BTB domain containing 18 	3.37078651685393	0.6444690276414479	4.0	1.0	3.0	2.0	24.0	712.0	100.0	
ENST00000405799	ENSNLET00000059329	TDRD15	tudor domain containing 15 	3.36658354114713	0.6658872040388437	11.0	8.0	4.0	1.0	54.0	1604.0	99.75124378109453	Gorilla
ENST00000361384	ENSNLET00000020609	DCLRE1A	DNA cross-link repair 1A 	3.36538461538462	0.583979713029632	5.0	7.0	9.0	1.0	35.0	1040.0	100.0	
ENST00000424728	ENSNLET00000008210	FSIP2	fibrous sheath interacting protein 2 	3.36250575771534	0.5915714349795671	36.0	36.0	58.0	20.0	219.0	6513.0	97.7927927927928	
ENST00000371100	ENSNLET00000012134	GNAS	GNAS complex locus 	3.35365853658537	0.6832622734367303	2.0	2.0	6.0	2.0	33.0	984.0	99.8984771573604	
ENST00000334306	ENSNLET00000010405	SOWAHB	sosondowah ankyrin repeat domain family member B 	3.35195530726257	0.6131300853238848	4.0	3.0	5.0	0.0	24.0	716.0	95.33954727030626	
ENST00000224140	ENSNLET00000016384	SETX	senataxin 	3.3452807646356	0.6102866550232455	7.0	23.0	20.0	1.0	84.0	2511.0	97.47670807453416	Human
ENST00000431232	ENSNLET00000010315	TMEM8A	transmembrane protein 8A 	3.3434650455927097	0.6423118853253704	2.0	2.0	4.0	1.0	22.0	658.0	96.05839416058394	
ENST00000593649	ENSNLET00000002042	KANK3	KN motif and ankyrin repeat domains 3 	3.3333333333333304	0.572021071349448	4.0	6.0	6.0	2.0	28.0	840.0	100.0	
ENST00000307564	ENSNLET00000021446	AKNA	AT-hook transcription factor 	3.32046332046332	0.5899771973628457	7.0	7.0	11.0	2.0	43.0	1295.0	92.831541218638	
ENST00000406486	ENSNLET00000009827	KIAA1671	KIAA1671 	3.3130493576741	0.6056466049413111	8.0	10.0	11.0	0.0	49.0	1479.0	91.86335403726709	
ENST00000457052	ENSNLET00000002887	BHMG1	basic helix-loop-helix and HMG-box containing 1 	3.31230283911672	0.6144573274978807	2.0	4.0	4.0	0.0	21.0	634.0	99.3730407523511	
ENST00000327423	ENSNLET00000005843	PRR14L	proline rich 14 like 	3.3115671641791	0.5840115571260637	12.0	11.0	16.0	9.0	71.0	2144.0	99.72093023255815	
ENST00000475866	ENSNLET00000011871	CRYBG2	crystallin beta-gamma domain containing 2 	3.30882352941176	0.592973787459449	6.0	4.0	14.0	4.0	45.0	1360.0	99.85315712187959	
ENST00000314121	ENSNLET00000044060	ZNF541	zinc finger protein 541 	3.30578512396694	0.6759913134861291	4.0	4.0	5.0	1.0	36.0	1089.0	95.2755905511811	
ENST00000255304	ENSNLET00000000967	USPL1	ubiquitin specific peptidase like 1 	3.2997250229147594	0.6757838475566778	9.0	3.0	2.0	0.0	36.0	1091.0	99.9084249084249	Gorilla
ENST00000399546	ENSNLET00000013282	BRDT	bromodomain testis associated 	3.28389830508475	0.5850861570882212	4.0	6.0	8.0	1.0	31.0	944.0	99.8941798941799	
ENST00000389398	ENSNLET00000015515	VWA3A	von Willebrand factor A domain containing 3A 	3.2786885245901605	0.6032857495043313	4.0	9.0	7.0	2.0	38.0	1159.0	97.88851351351352	
ENST00000539345	ENSNLET00000060302	TBCD	tubulin folding cofactor D 	3.2786885245901605	0.7320604207339099	6.0	1.0	2.0	0.0	34.0	1037.0	88.48122866894198	
ENST00000310806	ENSNLET00000005753	MIS18BP1	MIS18 binding protein 1 	3.2685512367491203	0.5704515211212972	9.0	5.0	8.0	3.0	37.0	1132.0	100.0	
ENST00000394143	ENSNLET00000003467	ADGRG4	adhesion G protein-coupled receptor G4 	3.2662487627845604	0.5682151927013188	18.0	15.0	28.0	12.0	99.0	3031.0	99.37704918032787	
ENST00000265843	ENSNLET00000009250	EXPH5	exophilin 5 	3.26530612244898	0.5941792767231089	8.0	15.0	13.0	5.0	64.0	1960.0	98.93992932862191	
ENST00000402558	ENSNLET00000006306	KIF24	kinesin family member 24 	3.2640949554896097	0.6953629686408053	5.0	3.0	8.0	0.0	44.0	1348.0	98.53801169590643	Chimpanzee
ENST00000371929	ENSNLET00000016811	ADAMTS13	ADAM metallopeptidase with thrombospondin type 1 motif 13 	3.25396825396825	0.5633315557436939	6.0	7.0	8.0	8.0	41.0	1260.0	92.71523178807946	
ENST00000346219	ENSNLET00000006652	DLEC1	DLEC1 cilia and flagella associated protein 	3.2480995162405004	0.5885967681828842	11.0	7.0	10.0	2.0	47.0	1447.0	94.14443721535459	
ENST00000652471	ENSNLET00000009860	MYCBPAP	MYCBP associated protein 	3.23660714285714	0.6155317100151046	6.0	2.0	5.0	2.0	29.0	896.0	94.41517386722866	
ENST00000453153	ENSNLET00000006240	FASTKD1	FAST kinase domains 1 	3.20987654320988	0.6617730748296811	2.0	1.0	4.0	3.0	26.0	810.0	100.0	Chimpanzee
ENST00000349780	ENSNLET00000021705	CDK5RAP2	CDK5 regulatory subunit associated protein 2 	3.2061912658927594	0.6514582951605264	7.0	7.0	13.0	1.0	58.0	1809.0	95.56259904912837	
ENST00000305768	ENSNLET00000009749	CEP89	centrosomal protein 89 	3.2033426183844	0.6032235772871853	4.0	3.0	5.0	0.0	23.0	718.0	99.86091794158554	
ENST00000447313	ENSNLET00000021639	WDR87	WD repeat domain 87 	3.1955540118096604	0.5601064796881954	16.0	19.0	21.0	14.0	92.0	2879.0	99.13911845730027	
ENST00000333172	ENSNLET00000010957	TAS1R1	taste 1 receptor member 1 	3.18559556786704	0.6185901071473721	3.0	5.0	3.0	0.0	23.0	722.0	94.25587467362924	
ENST00000446378	ENSNLET00000016464	CMYA5	cardiomyopathy associated 5 	3.16032887975334	0.5745424725714285	21.0	24.0	34.0	10.0	123.0	3892.0	97.73982923154193	
ENST00000643257	ENSNLET00000013203	TCOF1	treacle ribosome biogenesis factor 1 	3.1514219830899304	0.6117092831058075	6.0	12.0	5.0	0.0	41.0	1301.0	89.84806629834254	
ENST00000380502	ENSNLET00000022388	HAUS6	HAUS augmin like complex subunit 6 	3.14465408805031	0.5667951256828658	4.0	7.0	7.0	2.0	30.0	954.0	100.0	
ENST00000344922	ENSNLET00000017426	MIA3	MIA SH3 domain ER export factor 3 	3.1382978723404302	0.6280861460809732	11.0	13.0	6.0	2.0	59.0	1880.0	98.58416360776089	Gorilla
ENST00000273352	ENSNLET00000003620	ADGRG7	adhesion G protein-coupled receptor G7 	3.1367628607277296	0.6697663492540307	2.0	0.0	3.0	4.0	25.0	797.0	100.0	Chimpanzee
ENST00000361193	ENSNLET00000019981	SLC26A11	solute carrier family 26 member 11 	3.13531353135314	0.6482876994487932	1.0	4.0	2.0	0.0	19.0	606.0	100.0	
ENST00000304372	ENSNLET00000005904	KCTD19	potassium channel tetramerization domain containing 19 	3.1335149863760203	0.6517398181726015	2.0	0.0	5.0	2.0	23.0	734.0	95.822454308094	Chimpanzee
ENST00000261584	ENSNLET00000015364	PALB2	partner and localizer of BRCA2 	3.1197301854974704	0.5701925644774395	6.0	5.0	12.0	2.0	37.0	1186.0	100.0	
ENST00000435803	ENSNLET00000005850	ABCA13	ATP binding cassette subfamily A member 13 	3.1134780827529704	0.5494287356357376	40.0	33.0	40.0	10.0	152.0	4882.0	98.64619114972722	
ENST00000367547	ENSNLET00000022991	SHCBP1L	SHC binding and spindle associated 1 like 	3.1104199066874	0.6801219531492005	6.0	0.0	0.0	0.0	20.0	643.0	100.0	
ENST00000467148	ENSNLET00000012901	HELZ2	helicase with zinc finger 2 	3.1077891424075497	0.6281481961085961	11.0	13.0	13.0	7.0	79.0	2542.0	97.32006125574273	
ENST00000346991	ENSNLET00000003977	KNL1	kinetochore scaffold 1 	3.0950305143853503	0.579032784891501	12.0	18.0	16.0	3.0	71.0	2294.0	98.41269841269842	
ENST00000321871	ENSNLET00000004398	TMEM108	transmembrane protein 108 	3.0888030888030897	0.6101739661391354	3.0	0.0	4.0	0.0	16.0	518.0	100.0	Chimpanzee
ENST00000645682	ENSNLET00000016599	LRGUK	leucine rich repeats and guanylate kinase domain containing 	3.08747855917667	0.6582108901036271	1.0	1.0	4.0	0.0	18.0	583.0	73.14930991217064	
ENST00000266383	ENSNLET00000002800	B4GALNT3	beta-1%2C4-N-acetyl-galactosaminyltransferase 3 	3.08056872037915	0.6780598243167322	2.0	2.0	4.0	1.0	26.0	844.0	89.5015906680806	
ENST00000267430	ENSNLET00000042937	FANCM	FA complementation group M 	3.0791788856305	0.6183668265468681	11.0	10.0	15.0	0.0	63.0	2046.0	99.90234375	
ENST00000336292	ENSNLET00000001031	SYNM	synemin 	3.0716723549488103	0.6004151244473098	7.0	12.0	7.0	1.0	45.0	1465.0	98.58681022880215	
ENST00000488653	ENSNLET00000000625	CCDC14	coiled-coil domain containing 14 	3.06513409961686	0.6440709121537774	2.0	5.0	3.0	0.0	24.0	783.0	86.80709534368071	
ENST00000381782	ENSNLET00000021888	NSUN7	NOP2/Sun RNA methyltransferase family member 7 	3.06406685236769	0.5928221748881799	5.0	3.0	4.0	0.0	22.0	718.0	100.0	
ENST00000335119	ENSNLET00000023396	CCIN	calicin 	3.0612244897959195	0.6364379724597687	1.0	1.0	4.0	1.0	18.0	588.0	100.0	
ENST00000313050	ENSNLET00000010624	SEC16A	SEC16 homolog A%2C endoplasmic reticulum export factor 	3.0559473436765403	0.5670293974553307	18.0	13.0	15.0	1.0	65.0	2127.0	94.24014178112539	
ENST00000335613	ENSNLET00000002530	VWCE	von Willebrand factor C and EGF domains 	3.05522914218566	0.6031600681696279	4.0	3.0	5.0	2.0	26.0	851.0	97.70378874856486	
ENST00000422202	ENSNLET00000012845	COL20A1	collagen type XX alpha 1 chain 	3.05403288958496	0.5826279387954856	7.0	12.0	6.0	0.0	39.0	1277.0	99.22299922299922	
ENST00000284951	ENSNLET00000018655	SEL1L2	SEL1L2 adaptor subunit of ERAD E3 ligase 	3.0523255813953503	0.6141188850612236	0.0	5.0	4.0	1.0	21.0	688.0	100.0	Human
ENST00000394809	ENSNLET00000019954	MYLK3	myosin light chain kinase 3 	3.0487804878048803	0.6205753678658662	2.0	1.0	6.0	0.0	20.0	656.0	100.0	
ENST00000302118	ENSNLET00000018639	PCSK9	proprotein convertase subtilisin/kexin type 9 	3.04347826086957	0.5976571318037557	3.0	3.0	5.0	0.0	21.0	690.0	100.0	
ENST00000309295	ENSNLET00000007256	EHBP1L1	EH domain binding protein 1 like 1 	3.04101838755304	0.560026147626087	9.0	9.0	9.0	4.0	43.0	1414.0	95.54054054054055	
ENST00000621776	ENSNLET00000006647	POLQ	DNA polymerase theta 	3.02483069977427	0.6101069789747245	10.0	3.0	18.0	9.0	67.0	2215.0	90.18729641693811	Chimpanzee
ENST00000634661	ENSNLET00000056023	SYTL2	synaptotagmin like 2 	3.0193780982424503	0.5793430157141881	12.0	13.0	13.0	8.0	67.0	2219.0	99.95495495495496	
ENST00000253255	ENSNLET00000020065	PKDREJ	polycystin family receptor for egg jelly 	3.0188679245282994	0.604777863330303	8.0	11.0	18.0	2.0	64.0	2120.0	98.14814814814815	
ENST00000367602	ENSNLET00000034932	QSOX1	quiescin sulfhydryl oxidase 1 	3.01783264746228	0.6082356499600281	6.0	3.0	2.0	0.0	22.0	729.0	98.6468200270636	
ENST00000340648	ENSNLET00000001947	RRP1B	ribosomal RNA processing 1B 	3.01783264746228	0.6600722706625282	0.0	5.0	1.0	2.0	22.0	729.0	100.0	
ENST00000369846	ENSNLET00000015794	LCA5	lebercilin LCA5 	3.012912482066	0.6501081434546613	4.0	1.0	2.0	1.0	21.0	697.0	100.0	
ENST00000613122	ENSNLET00000010670	CTDP1	CTD phosphatase subunit 1 	3.01075268817204	0.6200959541552102	3.0	3.0	6.0	2.0	28.0	930.0	97.79179810725552	
ENST00000635942	ENSNLET00000055989	UNC13B	unc-13 homolog B 	3.00659985333659	0.5565223221232368	20.0	19.0	38.0	19.0	123.0	4091.0	96.98909435751541	
ENST00000305188	ENSNLET00000021066	ESCO2	establishment of sister chromatid cohesion N-acetyltransferase 2 	3.0	0.5967380965972098	2.0	2.0	5.0	0.0	18.0	600.0	100.0	
ENST00000476379	ENSNLET00000007522	CCDC39	coiled-coil domain containing 39 	2.99884659746251	0.6614481259953627	1.0	4.0	5.0	0.0	26.0	867.0	100.0	Human
ENST00000310624	ENSNLET00000003807	NEFH	neurofilament heavy 	2.99760191846523	0.6221286008673185	1.0	4.0	4.0	3.0	25.0	834.0	96.08294930875576	Human
ENST00000361069	ENSNLET00000016056	LAMC3	laminin subunit gamma 3 	2.9947916666666696	0.5690029439497976	10.0	4.0	17.0	1.0	46.0	1536.0	99.09677419354838	
ENST00000402676	ENSNLET00000019606	AKAP12	A-kinase anchoring protein 12 	2.9926595143986403	0.5963949181645178	8.0	9.0	13.0	3.0	53.0	1771.0	99.55030916245082	
ENST00000373103	ENSNLET00000014696	CSF3R	colony stimulating factor 3 receptor 	2.99043062200957	0.5807145935632119	6.0	3.0	6.0	0.0	25.0	836.0	100.0	
ENST00000409379	ENSNLET00000051740	TONSL	tonsoku like%2C DNA repair protein 	2.98284862043251	0.6058872001219414	5.0	5.0	11.0	2.0	40.0	1341.0	97.31494920174165	
ENST00000617267	ENSNLET00000002989	AOAH	acyloxyacyl hydrolase 	2.9806259314456005	0.6030354694408646	4.0	4.0	1.0	1.0	20.0	671.0	98.24304538799414	Gorilla
ENST00000650871	ENSNLET00000020947	ALPK1	alpha kinase 1 	2.98013245033113	0.5552254379277387	7.0	9.0	7.0	3.0	36.0	1208.0	97.34085414987914	
ENST00000344754	ENSNLET00000009741	SIGLEC1	sialic acid binding Ig like lectin 1 	2.96296296296296	0.6193626382042242	10.0	5.0	8.0	1.0	44.0	1485.0	92.75452841973767	
ENST00000370621	ENSNLET00000054447	EYS	eyes shut homolog 	2.9598981540420097	0.5526088094964092	19.0	21.0	25.0	8.0	93.0	3142.0	99.93638676844783	
ENST00000263468	ENSNLET00000009141	CEP126	centrosomal protein 126 	2.9543419874664303	0.5602416266563496	3.0	9.0	9.0	2.0	33.0	1117.0	100.0	
ENST00000375482	ENSNLET00000021059	FGD3	FYVE%2C RhoGEF and PH domain containing 3 	2.94985250737463	0.6029534832749279	2.0	0.0	5.0	3.0	20.0	678.0	100.0	Chimpanzee
ENST00000272321	ENSNLET00000012543	WDPCP	WD repeat containing planar cell polarity effector 	2.9490616621983903	0.6600050836355162	2.0	1.0	5.0	0.0	22.0	746.0	100.0	
ENST00000381556	ENSNLET00000022115	MYBBP1A	MYB binding protein 1a 	2.9467680608365	0.6184141724178699	4.0	5.0	5.0	2.0	31.0	1052.0	94.43447037701975	
ENST00000336338	ENSNLET00000042201	SPAG17	sperm associated antigen 17 	2.9425502101821603	0.5794823516053	11.0	14.0	15.0	3.0	63.0	2141.0	99.35034802784223	
ENST00000642869	ENSNLET00000014898	STOX1	storkhead box 1 	2.9378531073446297	0.5774358159184204	3.0	4.0	7.0	2.0	26.0	885.0	99.77452085682074	
ENST00000300060	ENSNLET00000015017	ANPEP	alanyl aminopeptidase%2C membrane 	2.93772032902468	0.5937585573148076	5.0	2.0	7.0	0.0	25.0	851.0	99.76553341148886	
ENST00000405975	ENSNLET00000048330	THADA	THADA armadillo repeat containing 	2.9345372460496604	0.6737113289015761	4.0	8.0	9.0	1.0	52.0	1772.0	94.55709711846318	Human
ENST00000629362	ENSNLET00000003691	COBLL1	cordon-bleu WH2 repeat protein like 1 	2.92682926829268	0.6636254820998072	5.0	5.0	4.0	1.0	36.0	1230.0	99.7566909975669	
ENST00000672673	ENSNLET00000010607	SEPT4	septin 4 	2.9263370332997	0.6029196729596461	8.0	3.0	2.0	3.0	29.0	991.0	99.49799196787149	Gorilla
ENST00000377873	ENSNLET00000012353	BFSP1	beaded filament structural protein 1 	2.92307692307692	0.6278720582929578	1.0	0.0	5.0	2.0	19.0	650.0	99.5405819295559	Chimpanzee
ENST00000354386	ENSNLET00000017039	KIAA0586	KIAA0586 	2.9081295439524104	0.5653897497020524	5.0	7.0	13.0	6.0	44.0	1513.0	95.45741324921136	
ENST00000389420	ENSNLET00000050548	ADAMTS20	ADAM metallopeptidase with thrombospondin type 1 motif 20 	2.90016731734523	0.6052312604050396	9.0	7.0	10.0	5.0	52.0	1793.0	98.08533916849015	
ENST00000341947	ENSNLET00000051751	COL11A2	collagen type XI alpha 2 chain 	2.8985507246376803	0.7633236421250941	1.0	2.0	4.0	0.0	34.0	1173.0	87.66816143497758	
ENST00000262510	ENSNLET00000003321	NLRC5	NLR family CARD domain containing 5 	2.89765721331689	0.6029016275966643	9.0	7.0	10.0	2.0	47.0	1622.0	90.97027481772294	
ENST00000328086	ENSNLET00000014968	ZKSCAN2	zinc finger with KRAB and SCAN domains 2 	2.89555325749741	0.6472652551519185	2.0	2.0	7.0	1.0	28.0	967.0	100.0	
ENST00000240617	ENSNLET00000004882	PLBD1	phospholipase B domain containing 1 	2.89330922242315	0.6566319916032238	4.0	0.0	1.0	0.0	16.0	553.0	100.0	Chimpanzee
ENST00000318003	ENSNLET00000016782	CC2D1A	coiled-coil and C2 domain containing 1A 	2.89156626506024	0.5980785692510613	6.0	2.0	5.0	0.0	24.0	830.0	92.01773835920177	
ENST00000631357	ENSNLET00000010768	CHTF18	chromosome transmission fidelity factor 18 	2.8901734104046204	0.6392511741663531	3.0	1.0	4.0	0.0	20.0	692.0	74.89177489177489	
ENST00000359785	ENSNLET00000005807	PTPN22	protein tyrosine phosphatase non-receptor type 22 	2.8860028860028897	0.6206273331835661	2.0	1.0	4.0	2.0	20.0	693.0	100.0	
ENST00000397527	ENSNLET00000013094	CEP250	centrosomal protein 250 	2.8810020876826696	0.7097769511150608	4.0	6.0	10.0	5.0	69.0	2395.0	98.88521882741536	
ENST00000445203	ENSNLET00000020920	ZGRF1	zinc finger GRF-type containing 1 	2.87810383747178	0.6004472694113347	8.0	8.0	15.0	0.0	51.0	1772.0	96.6721222040371	
ENST00000311127	ENSNLET00000032025	HEG1	heart development protein with EGF like domains 1 	2.87648054145516	0.6169591546980927	5.0	4.0	7.0	2.0	34.0	1182.0	98.99497487437186	
ENST00000508244	ENSNLET00000020634	C5orf42	ciliogenesis and planar polarity effector 1 	2.87318361955086	0.5562664175827015	13.0	17.0	27.0	10.0	87.0	3028.0	98.1205443940376	
ENST00000370571	ENSNLET00000012939	COL24A1	collagen type XXIV alpha 1 chain 	2.8722157092614298	0.5842914115957331	10.0	7.0	11.0	4.0	49.0	1706.0	99.82445874780574	
ENST00000356116	ENSNLET00000020159	ACSL5	acyl-CoA synthetase long chain family member 5 	2.8416779431664403	0.5975176533653385	4.0	2.0	4.0	1.0	21.0	739.0	100.0	
ENST00000309765	ENSNLET00000007537	TOPAZ1	testis and ovary specific PAZ domain containing 1 	2.83474065138721	0.6027474939462648	9.0	7.0	12.0	0.0	47.0	1658.0	99.63942307692308	
ENST00000360564	ENSNLET00000010795	MMP17	matrix metallopeptidase 17 	2.8333333333333304	0.6028823540669216	2.0	2.0	4.0	0.0	17.0	600.0	99.50248756218906	
ENST00000396560	ENSNLET00000012930	ATF7IP2	activating transcription factor 7 interacting protein 2 	2.83159463487332	0.6479215723566261	0.0	3.0	4.0	0.0	19.0	671.0	99.70282317979198	Human
ENST00000366548	ENSNLET00000004840	EXO1	exonuclease 1 	2.8290282902829	0.6342352756565091	7.0	1.0	2.0	0.0	23.0	813.0	96.78571428571429	Chimpanzee
ENST00000637353	ENSNLET00000039812	EFHC1	EF-hand domain containing 1 	2.8081123244929804	0.6361472788291639	2.0	0.0	4.0	1.0	18.0	641.0	100.0	Chimpanzee
ENST00000380701	ENSNLET00000022422	CCDC171	coiled-coil domain containing 171 	2.80728376327769	0.5874507133861723	8.0	7.0	6.0	2.0	37.0	1318.0	99.39668174962293	
ENST00000611977	ENSNLET00000010433	DGKK	diacylglycerol kinase kappa 	2.79531109107304	0.6558521187715598	2.0	2.0	6.0	3.0	31.0	1109.0	88.43700159489633	
ENST00000273857	ENSNLET00000022141	CORIN	corin%2C serine peptidase 	2.7831094049904	0.6276587697994025	7.0	1.0	6.0	0.0	29.0	1042.0	100.0	Chimpanzee
ENST00000372330	ENSNLET00000008760	MMP9	matrix metallopeptidase 9 	2.7818448023426097	0.6478421303534584	1.0	1.0	5.0	0.0	19.0	683.0	98.69942196531792	
ENST00000393567	ENSNLET00000020657	HYDIN	HYDIN axonemal central pair apparatus protein 	2.77722277722278	0.6478813622635761	21.0	24.0	23.0	5.0	139.0	5005.0	98.48484848484848	Gorilla
ENST00000444746	ENSNLET00000014232	RIF1	replication timing regulatory factor 1 	2.76995305164319	0.6150595651716659	9.0	9.0	11.0	5.0	59.0	2130.0	93.38009644892591	
ENST00000357450	ENSNLET00000016975	SMC1B	structural maintenance of chromosomes 1B 	2.7568922305764403	0.6964452613711075	1.0	6.0	4.0	0.0	33.0	1197.0	98.76237623762377	Human
ENST00000263629	ENSNLET00000011794	MTIF2	mitochondrial translational initiation factor 2 	2.75103163686382	0.620412272639689	5.0	1.0	2.0	1.0	20.0	727.0	100.0	
ENST00000510636	ENSNLET00000015969	CDHR2	cadherin related family member 2 	2.74621212121212	0.6278324750378877	4.0	4.0	4.0	2.0	29.0	1056.0	99.90539262062441	
ENST00000285046	ENSNLET00000006595	FGD5	FYVE%2C RhoGEF and PH domain containing 5 	2.73972602739726	0.6630684738380881	2.0	3.0	7.0	2.0	34.0	1241.0	96.2015503875969	Human
ENST00000301015	ENSNLET00000000798	PIEZO1	piezo type mechanosensitive ion channel component 1 	2.7383863080684603	0.5725817611421172	8.0	8.0	20.0	3.0	56.0	2045.0	87.69296740994854	
ENST00000568733	ENSNLET00000056436	NUB1	negative regulator of ubiquitin like proteins 1 	2.7375201288244804	0.6233745956924942	3.0	0.0	4.0	0.0	17.0	621.0	97.1830985915493	Chimpanzee
ENST00000361243	ENSNLET00000014519	AKAP13	A-kinase anchoring protein 13 	2.7296200663961603	0.5708494478739624	13.0	8.0	23.0	9.0	74.0	2711.0	98.18906193408185	Chimpanzee
ENST00000265171	ENSNLET00000021091	EGF	epidermal growth factor 	2.7210884353741496	0.5816579279780626	8.0	5.0	6.0	1.0	32.0	1176.0	99.40828402366864	
ENST00000371117	ENSNLET00000058868	PKHD1	PKHD1 ciliary IPT domain containing fibrocystin/polyductin 	2.72091215340762	0.5694396632092449	22.0	15.0	34.0	6.0	105.0	3859.0	97.69620253164557	
ENST00000255324	ENSNLET00000017691	RNF17	ring finger protein 17 	2.71940667490729	0.610866115294135	5.0	5.0	10.0	5.0	44.0	1618.0	99.87654320987654	
ENST00000423312	ENSNLET00000020754	KIF26A	kinesin family member 26A 	2.71122320302648	0.5668570221351512	9.0	9.0	7.0	5.0	43.0	1586.0	91.72932330827068	
ENST00000261326	ENSNLET00000007839	MOCOS	molybdenum cofactor sulfurase 	2.70880361173815	0.6277166421902964	4.0	1.0	5.0	1.0	24.0	886.0	99.77477477477477	Chimpanzee
ENST00000378486	ENSNLET00000000291	PLCH2	phospholipase C eta 2 	2.7068832173240502	0.6572214099071302	4.0	2.0	7.0	2.0	35.0	1293.0	95.07352941176471	Chimpanzee
ENST00000274979	ENSNLET00000044416	ANO7	anoctamin 7 	2.7060270602706	0.5925711809323612	2.0	4.0	3.0	3.0	22.0	813.0	96.09929078014184	
ENST00000500704	ENSNLET00000017576	USP45	ubiquitin specific peptidase 45 	2.7027027027027	0.6080207698442742	5.0	3.0	2.0	1.0	22.0	814.0	100.0	
ENST00000297990	ENSNLET00000006464	NOL6	nucleolar protein 6 	2.7002700270027	0.6765680222647492	1.0	3.0	5.0	2.0	30.0	1111.0	96.9458987783595	Human
ENST00000278742	ENSNLET00000009552	ST14	suppression of tumorigenicity 14 	2.69953051643192	0.6342297320242202	1.0	2.0	6.0	1.0	23.0	852.0	99.64912280701755	Human
ENST00000251864	ENSNLET00000020686	TDRD1	tudor domain containing 1 	2.69799825935596	0.6181151405609621	2.0	4.0	7.0	3.0	31.0	1149.0	99.65307892454467	Human
ENST00000438447	ENSNLET00000017914	PDZD2	PDZ domain containing 2 	2.69520412207689	0.6132234674687801	8.0	15.0	16.0	1.0	68.0	2523.0	97.11316397228637	Human
ENST00000361200	ENSNLET00000018875	DUSP27	dual specificity phosphatase 27%2C atypical 	2.67702936096718	0.5844037836243736	6.0	9.0	4.0	0.0	31.0	1158.0	100.0	
ENST00000409261	ENSNLET00000010659	NCKAP5	NCK associated protein 5 	2.6746724890829703	0.5582150710030854	12.0	9.0	11.0	4.0	49.0	1832.0	95.96647459402828	
ENST00000381418	ENSNLET00000038544	HR	HR lysine demethylase and nuclear receptor corepressor 	2.67430754536772	0.6067964610152499	7.0	3.0	5.0	0.0	28.0	1047.0	93.06666666666666	
ENST00000345988	ENSNLET00000012768	PPL	periplakin 	2.6737967914438503	0.6327174552315563	7.0	11.0	5.0	0.0	45.0	1683.0	98.134110787172	Gorilla
ENST00000639862	ENSNLET00000021680	DTHD1	death domain containing 1 	2.67260579064588	0.5976874885825589	1.0	9.0	2.0	1.0	24.0	898.0	99.55654101995566	
ENST00000299687	ENSNLET00000032153	ZNF407	zinc finger protein 407 	2.67131242740999	0.5689307173529331	5.0	11.0	11.0	5.0	46.0	1722.0	99.53757225433526	
ENST00000402280	ENSNLET00000020042	NLRC4	NLR family CARD domain containing 4 	2.67131242740999	0.6882877786485563	2.0	1.0	4.0	0.0	23.0	861.0	99.88399071925754	Chimpanzee
ENST00000633556	ENSNLET00000016977	CRYBG1	crystallin beta-gamma domain containing 1 	2.6686807653575	0.5895501181740765	8.0	14.0	11.0	1.0	53.0	1986.0	99.74886991461577	
ENST00000011684	ENSNLET00000004588	PLEKHG6	pleckstrin homology and RhoGEF domain containing G6 	2.6582278481012698	0.6311445501867321	1.0	1.0	6.0	1.0	21.0	790.0	100.0	
ENST00000297423	ENSNLET00000016861	SPIDR	scaffold protein involved in DNA repair 	2.65486725663717	0.5839576107826377	2.0	1.0	8.0	3.0	24.0	904.0	99.12280701754386	Chimpanzee
ENST00000403245	ENSNLET00000050630	CEP162	centrosomal protein 162 	2.64285714285714	0.6810826917819547	2.0	2.0	8.0	2.0	37.0	1400.0	100.0	
ENST00000361627	ENSNLET00000013564	ARHGAP11A	Rho GTPase activating protein 11A 	2.63929618768328	0.6693050644464168	4.0	2.0	3.0	1.0	27.0	1023.0	100.0	Chimpanzee
ENST00000262970	ENSNLET00000003692	ANKRD24	ankyrin repeat domain 24 	2.63653483992467	0.5827085784377346	5.0	3.0	6.0	3.0	28.0	1062.0	94.73684210526316	
ENST00000372027	ENSNLET00000003223	MMRN2	multimerin 2 	2.62529832935561	0.6079792901265262	4.0	3.0	3.0	1.0	22.0	838.0	100.0	
ENST00000040738	ENSNLET00000020727	BOD1L1	biorientation of chromosomes in cell division 1 like 1 	2.6246719160105	0.6025671349884529	9.0	14.0	22.0	5.0	80.0	3048.0	100.0	Human
ENST00000370276	ENSNLET00000013592	CCDC18	coiled-coil domain containing 18 	2.6152787336545096	0.6025512585035419	3.0	6.0	11.0	2.0	38.0	1453.0	100.0	Human
ENST00000426837	ENSNLET00000052421	MAP4	microtubule associated protein 4 	2.6123301985371	0.5936368282969677	3.0	4.0	3.0	4.0	25.0	957.0	92.46376811594203	
ENST00000273261	ENSNLET00000009618	LRIG1	leucine rich repeats and immunoglobulin like domains 1 	2.60950605778192	0.6616902843135744	2.0	3.0	5.0	1.0	28.0	1073.0	98.5307621671258	Human
ENST00000261778	ENSNLET00000006868	TANGO6	transport and golgi organization 6 homolog 	2.58780036968577	0.6616548215641458	4.0	4.0	3.0	0.0	28.0	1082.0	98.90310786106033	Gorilla
ENST00000371728	ENSNLET00000015777	KIF20B	kinesin family member 20B 	2.58525852585258	0.567331568116212	7.0	7.0	11.0	8.0	47.0	1818.0	99.89010989010988	
ENST00000374647	ENSNLET00000022157	ELP1	elongator complex protein 1 	2.57186081694402	0.6059801732594686	5.0	8.0	6.0	0.0	34.0	1322.0	99.54819277108433	
ENST00000375377	ENSNLET00000021748	JCAD	junctional cadherin 5 associated 	2.55255255255255	0.5762287720202861	2.0	10.0	8.0	2.0	34.0	1332.0	98.3751846381093	Human
ENST00000651323	ENSNLET00000012716	CTC1	CST telomere replication complex component 1 	2.55152109911678	0.6162544846012001	5.0	4.0	2.0	2.0	26.0	1019.0	87.92062122519414	Gorilla
ENST00000614960	ENSNLET00000023063	KIF14	kinesin family member 14 	2.54854368932039	0.6640649145443106	7.0	5.0	4.0	2.0	42.0	1648.0	100.0	Gorilla
ENST00000264382	ENSNLET00000006154	SI	sucrase-isomaltase 	2.5358324145534703	0.7144632250483757	1.0	6.0	6.0	2.0	46.0	1814.0	99.3972602739726	
ENST00000262715	ENSNLET00000013784	TEP1	telomerase associated protein 1 	2.51798561151079	0.6062220163148486	13.0	16.0	7.0	2.0	63.0	2502.0	98.00235017626322	Gorilla
ENST00000382751	ENSNLET00000031781	URB1	URB1 ribosome biogenesis homolog 	2.51008516360377	0.6025486979139127	9.0	6.0	12.0	7.0	56.0	2231.0	98.32525341560158	Chimpanzee
ENST00000630715	ENSNLET00000016135	MICAL1	microtubule associated monooxygenase%2C calponin and LIM domain containing 1 	2.48847926267281	0.5857154355495835	7.0	2.0	7.0	0.0	27.0	1085.0	99.90791896869244	Chimpanzee
ENST00000278612	ENSNLET00000052344	NPAT	nuclear protein%2C coactivator of histone transcription 	2.4799416484317995	0.6058734126071156	3.0	4.0	10.0	2.0	34.0	1371.0	97.85867237687366	Human
ENST00000624552	ENSNLET00000049562	HMCN2	hemicentin 2 	2.44755244755245	0.5978664793122688	19.0	17.0	29.0	3.0	105.0	4290.0	93.97590361445783	
ENST00000329798	ENSNLET00000006896	FREM3	FRAS1 related extracellular matrix 3 	2.43331773514272	0.5487532589419121	11.0	9.0	16.0	4.0	52.0	2137.0	99.9532273152479	
ENST00000584436	ENSNLET00000048786	BAHCC1	BAH domain and coiled-coil containing 1 	2.4327122153209104	0.6100341410474389	7.0	6.0	11.0	3.0	47.0	1932.0	84.92307692307692	
ENST00000366955	ENSNLET00000018377	CENPF	centromere protein F 	2.43101182654402	0.5341855142954083	18.0	17.0	24.0	3.0	74.0	3044.0	99.57474648348054	
ENST00000640607	ENSNLET00000035343	CTAGE5	MIA SH3 domain ER export factor 2 	2.41305890702626	0.5954582176899095	5.0	2.0	12.0	1.0	34.0	1409.0	99.78753541076487	Chimpanzee
ENST00000422223	ENSNLET00000022467	FREM1	FRAS1 related extracellular matrix 1 	2.39963082602676	0.5375845064107161	10.0	8.0	20.0	4.0	52.0	2167.0	99.58639705882354	
ENST00000306749	ENSNLET00000017920	FASN	fatty acid synthase 	2.38715277777778	0.5623435799433112	9.0	8.0	17.0	6.0	55.0	2304.0	95.32478278858089	
ENST00000421806	ENSNLET00000024134	LCOR	ligand dependent nuclear receptor corepressor 	2.38095238095238	0.6574930406122539	6.0	1.0	7.0	2.0	37.0	1554.0	99.87146529562982	Chimpanzee
ENST00000355666	ENSNLET00000005996	TTC3	tetratricopeptide repeat domain 3 	2.36382322713258	0.5685683484496077	13.0	11.0	4.0	4.0	46.0	1946.0	97.78894472361809	Gorilla
ENST00000334126	ENSNLET00000021756	C2CD3	C2 domain containing 3 centriole elongation regulator 	2.36290682122158	0.6376672721039683	9.0	8.0	7.0	3.0	53.0	2243.0	97.60661444734552	Gorilla
ENST00000233242	ENSNLET00000000843	APOB	apolipoprotein B 	2.3599470666078504	0.5092120908030057	27.0	28.0	37.0	9.0	107.0	4534.0	99.45163413029174	
ENST00000296564	ENSNLET00000014442	ICE1	interactor of little elongation complex ELL subunit 1 	2.34551195308976	0.5322429795840676	13.0	7.0	17.0	6.0	52.0	2217.0	99.86486486486487	
ENST00000374423	ENSNLET00000009063	ZDBF2	zinc finger DBF-type containing 2 	2.34142188165177	0.5622984413843821	14.0	11.0	12.0	3.0	55.0	2349.0	100.0	
ENST00000367796	ENSNLET00000019144	F5	coagulation factor V 	2.3201856148491897	0.5819098201910777	8.0	7.0	11.0	7.0	50.0	2155.0	99.30875576036867	
ENST00000358025	ENSNLET00000018006	SYNE2	spectrin repeat containing nuclear envelope protein 2 	2.18628331835879	0.5588687511296255	38.0	30.0	42.0	3.0	146.0	6678.0	98.30708081848962	
