Ortholog family / Human transcript	Chimpanzee transcript	Gene	Description	Chimp % subs per site	Chimp norm branch length	Human subs	Chimp subs	Gorilla subs	#1# subs	Gibbon subs	Align overlap	Align Sat	Higher in
ENST00000329312	ENSPTRT00000066718	CYLC1	cylicin 1 	0.0	0.018483807661347287	1.0	0.0	7.0	5.0	35.0	630.0	97.82608695652173	Gibbon
ENST00000439151	ENSPTRT00000107441	NSD1	nuclear receptor binding SET domain protein 1 	0.0	0.0207524880999077	8.0	0.0	5.0	1.0	29.0	2618.0	99.46808510638297	
ENST00000551245	ENSPTRT00000104877	TROAP	trophinin associated protein 	0.0	0.021890443614087915	3.0	0.0	4.0	2.0	31.0	771.0	97.10327455919395	Gibbon
ENST00000392650	ENSPTRT00000017604	SDK2	sidekick cell adhesion molecule 2 	0.0	0.022086786200740064	3.0	0.0	5.0	1.0	31.0	1893.0	94.65	
ENST00000614971	ENSPTRT00000025792	LTN1	listerin E3 ubiquitin protein ligase 1 	0.0	0.024296033021850627	6.0	0.0	6.0	3.0	21.0	1763.0	100.0	
ENST00000371201	ENSPTRT00000001512	C1orf87	chromosome 1 open reading frame 87 	0.0	0.025161470248842552	2.0	0.0	5.0	0.0	27.0	546.0	100.0	Gibbon
ENST00000273352	ENSPTRT00000102631	ADGRG7	adhesion G protein-coupled receptor G7 	0.0	0.02535620204431517	2.0	0.0	3.0	4.0	25.0	797.0	100.0	Gibbon
ENST00000589804	ENSPTRT00000020722	CD3EAP	CD3e molecule associated protein 	0.0	0.025959918010237382	4.0	0.0	8.0	1.0	20.0	501.0	98.42829076620825	
ENST00000304372	ENSPTRT00000060173	KCTD19	potassium channel tetramerization domain containing 19 	0.0	0.02673052844230675	2.0	0.0	5.0	2.0	23.0	734.0	95.822454308094	Gibbon
ENST00000375482	ENSPTRT00000083805	FGD3	FYVE%2C RhoGEF and PH domain containing 3 	0.0	0.02828908692786845	2.0	0.0	5.0	3.0	20.0	678.0	100.0	Gibbon
ENST00000307465	ENSPTRT00000111478	CDKL2	cyclin dependent kinase like 2 	0.0	0.029086177515870983	3.0	0.0	7.0	2.0	17.0	505.0	100.0	
ENST00000642419	ENSPTRT00000106386	BICDL2	BICD family like cargo adaptor 2 	0.0	0.029154972223925282	5.0	0.0	10.0	2.0	12.0	507.0	100.0	Gorilla
ENST00000368474	ENSPTRT00000104637	ADAR	adenosine deaminase RNA specific 	0.0	0.02926246853748523	5.0	0.0	5.0	1.0	18.0	1171.0	99.23728813559322	
ENST00000251809	ENSPTRT00000037875	SPAG1	sperm associated antigen 1 	0.0	0.03009378629253338	2.0	0.0	8.0	1.0	17.0	847.0	97.13302752293578	
ENST00000637508	ENSPTRT00000003431	PLEKHA6	pleckstrin homology domain containing A6 	0.0	0.030131846037411977	2.0	0.0	5.0	2.0	19.0	1133.0	97.67241379310344	
ENST00000239440	ENSPTRT00000032104	ARAP3	ArfGAP with RhoGAP domain%2C ankyrin repeat and PH domain 3 	0.0	0.030193363869304362	6.0	0.0	6.0	0.0	16.0	1490.0	97.32201175702156	
ENST00000377873	ENSPTRT00000087217	BFSP1	beaded filament structural protein 1 	0.0	0.03093545501350103	1.0	0.0	5.0	2.0	19.0	650.0	99.5405819295559	Gibbon
ENST00000265686	ENSPTRT00000007425	TCIRG1	T cell immune regulator 1%2C ATPase H+ transporting V0 subunit a3 	0.0	0.0310700702531758	2.0	0.0	5.0	5.0	15.0	830.0	100.0	
ENST00000317276	ENSPTRT00000101788	PER1	period circadian regulator 1 	0.0	0.031074928423003793	3.0	0.0	4.0	0.0	20.0	1262.0	99.52681388012618	
ENST00000637353	ENSPTRT00000092798	EFHC1	EF-hand domain containing 1 	0.0	0.033012169717550666	2.0	0.0	4.0	1.0	18.0	641.0	100.0	Gibbon
ENST00000308127	ENSPTRT00000111292	SSH3	slingshot protein phosphatase 3 	0.0	0.033052998196755216	6.0	0.0	4.0	0.0	15.0	598.0	97.7124183006536	
ENST00000371586	ENSPTRT00000095455	CC2D1B	coiled-coil and C2 domain containing 1B 	0.0	0.03306639202211805	1.0	0.0	4.0	2.0	18.0	771.0	99.87046632124353	
ENST00000447540	ENSPTRT00000014955	CHD9	chromodomain helicase DNA binding protein 9 	0.0	0.03327367027160659	2.0	0.0	9.0	1.0	13.0	2606.0	99.96164173379363	
ENST00000370574	ENSPTRT00000085552	ZNHIT6	zinc finger HIT-type containing 6 	0.0	0.03409869736789521	2.0	0.0	7.0	0.0	15.0	467.0	99.78632478632478	
ENST00000568733	ENSPTRT00000102323	NUB1	negative regulator of ubiquitin like proteins 1 	0.0	0.0341588886186145	3.0	0.0	4.0	0.0	17.0	621.0	97.1830985915493	Gibbon
ENST00000610020	ENSPTRT00000001808	RPAP2	RNA polymerase II associated protein 2 	0.0	0.03418149275016078	2.0	0.0	5.0	1.0	16.0	612.0	100.0	
ENST00000421806	ENSPTRT00000005299	LCOR	ligand dependent nuclear receptor corepressor 	0.064350064350064	0.03420336612245641	6.0	1.0	7.0	2.0	37.0	1554.0	99.87146529562982	Gibbon
ENST00000263088	ENSPTRT00000015882	PLD2	phospholipase D2 	0.0	0.03429549500747474	6.0	0.0	3.0	0.0	15.0	933.0	100.0	
ENST00000321871	ENSPTRT00000090558	TMEM108	transmembrane protein 108 	0.0	0.03533982972834823	3.0	0.0	4.0	0.0	16.0	518.0	100.0	Gibbon
ENST00000621776	ENSPTRT00000100276	POLQ	DNA polymerase theta 	0.13544018058690702	0.035368022728431925	10.0	3.0	18.0	9.0	67.0	2215.0	90.18729641693811	Gibbon
ENST00000372966	ENSPTRT00000110929	NOX1	NADPH oxidase 1 	0.0	0.035377628655329736	1.0	0.0	7.0	0.0	15.0	564.0	100.0	
ENST00000361511	ENSPTRT00000111021	PPEF1	protein phosphatase with EF-hand domain 1 	0.0	0.03542318791169633	2.0	0.0	4.0	2.0	15.0	596.0	97.06840390879479	
ENST00000343410	ENSPTRT00000003647	HHIPL2	HHIP like 2 	0.0	0.03546633487655898	4.0	0.0	4.0	0.0	15.0	720.0	99.4475138121547	
ENST00000402905	ENSPTRT00000098019	CARF	calcium responsive transcription factor 	0.0	0.035506113430788445	8.0	0.0	5.0	1.0	9.0	592.0	100.0	Human
ENST00000392550	ENSPTRT00000085409	LLGL2	LLGL scribble cell polarity complex component 2 	0.0	0.035549830781416894	3.0	0.0	6.0	1.0	13.0	922.0	93.50912778904666	
ENST00000340806	ENSPTRT00000029104	LRRIQ4	leucine rich repeats and IQ motif containing 4 	0.0	0.03670393754817817	3.0	0.0	4.0	0.0	15.0	560.0	100.0	
ENST00000302787	ENSPTRT00000029558	LETM1	leucine zipper and EF-hand containing transmembrane protein 1 	0.0	0.03680822750622804	3.0	0.0	7.0	0.0	12.0	670.0	94.23347398030943	
ENST00000356577	ENSPTRT00000060585	SON	SON DNA binding protein 	0.042462845010616	0.036876251502111726	9.0	1.0	8.0	0.0	31.0	2355.0	97.83963439966763	
ENST00000412232	ENSPTRT00000037347	ADGRA2	adhesion G protein-coupled receptor A2 	0.0	0.03689586290435467	3.0	0.0	10.0	0.0	9.0	1028.0	91.13475177304964	
ENST00000240617	ENSPTRT00000008725	PLBD1	phospholipase B domain containing 1 	0.0	0.03806811876550708	4.0	0.0	1.0	0.0	16.0	553.0	100.0	Gibbon
ENST00000292530	ENSPTRT00000064970	ZNF333	zinc finger protein 333 	0.0	0.03810195009927049	4.0	0.0	1.0	0.0	16.0	605.0	91.94528875379939	
ENST00000274963	ENSPTRT00000033489	FGD2	FYVE%2C RhoGEF and PH domain containing 2 	0.0	0.0381574504139626	2.0	0.0	4.0	0.0	15.0	647.0	99.84567901234568	
ENST00000325617	ENSPTRT00000089344	CLGN	calmegin 	0.0	0.03818664092531185	1.0	0.0	5.0	3.0	12.0	537.0	90.1006711409396	
ENST00000325599	ENSPTRT00000028266	SHQ1	SHQ1%2C H/ACA ribonucleoprotein assembly factor 	0.0	0.038239264057287024	1.0	0.0	6.0	4.0	10.0	577.0	100.0	
ENST00000375200	ENSPTRT00000102214	ZNF341	zinc finger protein 341 	0.0	0.038239334553885104	2.0	0.0	4.0	1.0	14.0	792.0	100.0	
ENST00000344686	ENSPTRT00000065089	MAP3K14	mitogen-activated protein kinase kinase kinase 14 	0.0	0.03826976965882319	4.0	0.0	3.0	0.0	14.0	933.0	99.36102236421725	
ENST00000336689	ENSPTRT00000097572	ASAP3	ArfGAP with SH3 domain%2C ankyrin repeat and PH domain 3 	0.0	0.03828616840532161	2.0	0.0	4.0	2.0	13.0	902.0	99.88925802879291	
ENST00000358864	ENSPTRT00000046035	TMC2	transmembrane channel like 2 	0.0	0.03828882716661915	6.0	0.0	3.0	0.0	12.0	898.0	99.44629014396456	
ENST00000436302	ENSPTRT00000036543	AGBL3	ATP/GTP binding protein like 3 	0.0	0.03829276810275972	3.0	0.0	6.0	0.0	12.0	919.0	99.8913043478261	
ENST00000343257	ENSPTRT00000036686	CLCN1	chloride voltage-gated channel 1 	0.0	0.03830563474046225	5.0	0.0	4.0	0.0	12.0	976.0	98.78542510121457	
ENST00000264276	ENSPTRT00000023757	ALS2	alsin Rho guanine nucleotide exchange factor ALS2 	0.0	0.038364735062234125	3.0	0.0	5.0	1.0	12.0	1527.0	93.7960687960688	
ENST00000374144	ENSPTRT00000060450	C10orf71	chromosome 10 open reading frame 71 	0.15974440894568698	0.0389854763005215	12.0	2.0	7.0	3.0	47.0	1252.0	97.12955779674166	Gibbon
ENST00000651356	ENSPTRT00000110035	ACSL6	acyl-CoA synthetase long chain family member 6 	0.0	0.03973922503795691	5.0	0.0	2.0	0.0	13.0	668.0	95.42857142857143	
ENST00000315616	ENSPTRT00000012765	RPUSD2	RNA pseudouridine synthase domain containing 2 	0.0	0.039753109621650684	3.0	0.0	6.0	1.0	10.0	536.0	98.34862385321101	
ENST00000297293	ENSPTRT00000104898	LMTK2	lemur tyrosine kinase 2 	0.06988120195667401	0.03977749944138224	5.0	1.0	9.0	4.0	26.0	1431.0	95.33644237175217	
ENST00000369704	ENSPTRT00000005577	CFAP58	cilia and flagella associated protein 58 	0.0	0.03981428942881291	1.0	0.0	6.0	1.0	12.0	869.0	100.0	
ENST00000559447	ENSPTRT00000083213	RFX7	regulatory factor X7 	0.0	0.039870224821813065	2.0	0.0	4.0	1.0	13.0	1294.0	94.93763756419662	
ENST00000397899	ENSPTRT00000042319	KIAA1211L	KIAA1211 like 	0.122850122850123	0.040297485871199655	4.0	1.0	5.0	3.0	31.0	814.0	96.67458432304038	Gibbon
ENST00000273857	ENSPTRT00000029893	CORIN	corin%2C serine peptidase 	0.095969289827255	0.04128097071093334	7.0	1.0	6.0	0.0	29.0	1042.0	100.0	Gibbon
ENST00000265993	ENSPTRT00000057558	TCTN3	tectonic family member 3 	0.0	0.04143577925615676	2.0	0.0	7.0	2.0	8.0	524.0	96.85767097966728	
ENST00000236495	ENSPTRT00000085568	SLC5A9	solute carrier family 5 member 9 	0.0	0.04147645201489295	3.0	0.0	5.0	1.0	10.0	701.0	99.29178470254958	
ENST00000330342	ENSPTRT00000010299	ATP6V0A2	ATPase H+ transporting V0 subunit a2 	0.0	0.04148253597363747	1.0	0.0	9.0	0.0	9.0	856.0	100.0	
ENST00000426216	ENSPTRT00000098980	ATP9B	ATPase phospholipid transporting 9B (putative) 	0.0	0.04150731429842746	1.0	0.0	5.0	1.0	12.0	1034.0	92.40393208221626	
ENST00000519389	ENSPTRT00000093443	HEPH	hephaestin 	0.0	0.041543436872020084	2.0	0.0	4.0	2.0	11.0	1154.0	95.37190082644628	
ENST00000396720	ENSPTRT00000020838	BICRA	BRD4 interacting chromatin remodeling complex associated protein 	0.0	0.041551207665430516	6.0	0.0	5.0	0.0	8.0	1080.0	78.48837209302326	
ENST00000267622	ENSPTRT00000012225	TRIP11	thyroid hormone receptor interactor 11 	0.050942435048395	0.04241443381958866	6.0	1.0	7.0	6.0	22.0	1963.0	99.949083503055	
ENST00000366624	ENSPTRT00000003877	MAP3K21	mitogen-activated protein kinase kinase kinase 21 	0.11312217194570097	0.04309081525166356	4.0	1.0	9.0	2.0	25.0	884.0	99.66178128523111	
ENST00000337428	ENSPTRT00000002731	LRRC71	leucine rich repeat containing 71 	0.0	0.043098383417329834	1.0	0.0	4.0	0.0	13.0	507.0	100.0	
ENST00000646038	ENSPTRT00000101005	TRIM66	tripartite motif containing 66 	0.08110300081103	0.043194694150398234	4.0	1.0	10.0	1.0	25.0	1233.0	100.0	
ENST00000330891	ENSPTRT00000009570	BEST3	bestrophin 3 	0.0	0.04322041343812777	1.0	0.0	4.0	1.0	12.0	659.0	98.65269461077844	
ENST00000331320	ENSPTRT00000110873	MTA1	metastasis associated 1 	0.0	0.04323311504825356	3.0	0.0	6.0	0.0	9.0	553.0	77.99717912552892	
ENST00000617472	ENSPTRT00000021313	TMC4	transmembrane channel like 4 	0.0	0.0432342679509721	3.0	0.0	5.0	0.0	10.0	587.0	98.98819561551433	
ENST00000471714	ENSPTRT00000077528	ABI3BP	ABI family member 3 binding protein 	0.060569351907934985	0.0432551122291126	9.0	1.0	5.0	0.0	26.0	1651.0	95.87688734030198	
ENST00000396862	ENSPTRT00000014179	TIGD7	tigger transposable element derived 7 	0.0	0.043279529988367864	2.0	0.0	6.0	3.0	7.0	549.0	100.0	
ENST00000298552	ENSPTRT00000089619	TSC1	TSC complex subunit 1 	0.0	0.043361497050062175	4.0	0.0	3.0	1.0	10.0	1164.0	100.0	
ENST00000355870	ENSPTRT00000098330	STK31	serine/threonine kinase 31 	0.131233595800525	0.045090177551147005	5.0	1.0	5.0	7.0	21.0	762.0	90.39145907473309	
ENST00000340369	ENSPTRT00000027618	XIRP1	xin actin binding repeat containing 1 	0.090579710144928	0.045121389498026514	5.0	1.0	8.0	0.0	25.0	1104.0	98.48349687778769	
ENST00000333407	ENSPTRT00000110307	FAM83F	family with sequence similarity 83 member F 	0.0	0.04512506722379074	4.0	0.0	1.0	1.0	11.0	488.0	97.6	
ENST00000264977	ENSPTRT00000028809	PPP2R3A	protein phosphatase 2 regulatory subunit B''alpha 	0.08695652173913099	0.04515284239025165	4.0	1.0	9.0	1.0	24.0	1150.0	100.0	
ENST00000260403	ENSPTRT00000012891	TMEM62	transmembrane protein 62 	0.0	0.0451719854085582	1.0	0.0	9.0	0.0	7.0	539.0	92.45283018867924	Gorilla
ENST00000517878	ENSPTRT00000108551	SLC45A4	solute carrier family 45 member 4 	0.0	0.04520768073101783	4.0	0.0	1.0	0.0	12.0	744.0	99.73190348525469	
ENST00000244565	ENSPTRT00000047213	UNC5CL	unc-5 family C-terminal like 	0.0	0.0452081926632293	1.0	0.0	3.0	4.0	9.0	518.0	100.0	
ENST00000301364	ENSPTRT00000015769	TSR1	TSR1 ribosome maturation factor 	0.0	0.045208999340406314	1.0	0.0	4.0	0.0	12.0	748.0	99.73333333333333	
ENST00000361738	ENSPTRT00000046754	MINDY1	MINDY lysine 48 deubiquitinase 1 	0.0	0.045209977600787696	6.0	0.0	2.0	1.0	8.0	513.0	99.22630560928434	
ENST00000367536	ENSPTRT00000003206	NCF2	neutrophil cytosolic factor 2 	0.0	0.04521608442435274	5.0	0.0	4.0	0.0	8.0	526.0	100.0	
ENST00000343702	ENSPTRT00000009767	NTN4	netrin 4 	0.0	0.045218578157514094	3.0	0.0	4.0	0.0	10.0	620.0	99.51845906902086	
ENST00000361070	ENSPTRT00000015393	RFWD3	ring finger and WD repeat domain 3 	0.0	0.045298962928881074	3.0	0.0	4.0	2.0	8.0	728.0	97.32620320855615	
ENST00000428675	ENSPTRT00000023676	PLCL1	phospholipase C like 1 (inactive) 	0.0	0.04533777206986768	1.0	0.0	4.0	3.0	9.0	1095.0	100.0	
ENST00000242848	ENSPTRT00000067082	ZC3H13	zinc finger CCCH-type containing 13 	0.0	0.04537895595953098	2.0	0.0	6.0	1.0	8.0	1665.0	99.93997599039616	
ENST00000252999	ENSPTRT00000107166	LAMA5	laminin subunit alpha 5 	0.122324159021407	0.04586627683839223	10.0	2.0	14.0	1.0	33.0	1635.0	74.21697684975034	
ENST00000315843	ENSPTRT00000028520	GPR156	G protein-coupled receptor 156 	0.12484394506866403	0.04610027583819309	3.0	1.0	8.0	3.0	23.0	801.0	98.5239852398524	
ENST00000380262	ENSPTRT00000016062	CNTROB	centrobin%2C centriole duplication and spindle assembly protein 	0.120627261761158	0.046106460216569035	3.0	1.0	9.0	2.0	23.0	829.0	95.94907407407408	
ENST00000297423	ENSPTRT00000094783	SPIDR	scaffold protein involved in DNA repair 	0.110619469026549	0.046121963187420366	2.0	1.0	8.0	3.0	24.0	904.0	99.12280701754386	Gibbon
ENST00000650821	ENSPTRT00000030275	ABCG2	ATP binding cassette subfamily G member 2 (Junior blood group) 	0.0	0.0474362115613826	4.0	0.0	1.0	3.0	8.0	655.0	100.0	
ENST00000652515	ENSPTRT00000009886	ALDH1L2	aldehyde dehydrogenase 1 family member L2 	0.0	0.047457268205274905	3.0	0.0	4.0	0.0	9.0	853.0	96.05855855855856	
ENST00000260197	ENSPTRT00000008159	SORL1	sortilin related receptor 1 	0.047596382674917004	0.047483549542833264	9.0	1.0	8.0	0.0	19.0	2101.0	96.64213431462741	
ENST00000257745	ENSPTRT00000107756	KMT2E	lysine methyltransferase 2E 	0.0	0.04753289848823623	1.0	0.0	5.0	1.0	9.0	1630.0	100.0	
ENST00000453153	ENSPTRT00000023368	FASTKD1	FAST kinase domains 1 	0.12345679012345698	0.0482629195692465	2.0	1.0	4.0	3.0	26.0	810.0	100.0	Gibbon
ENST00000431877	ENSPTRT00000085057	SSFA2	ITPR interacting domain containing 2 	0.08045052292839901	0.04850266237483599	5.0	1.0	5.0	2.0	23.0	1243.0	100.0	
ENST00000366582	ENSPTRT00000003914	HEATR1	HEAT repeat containing 1 	0.09332711152589802	0.04896910790343322	6.0	2.0	13.0	4.0	31.0	2143.0	100.0	
ENST00000261326	ENSPTRT00000018316	MOCOS	molybdenum cofactor sulfurase 	0.112866817155756	0.04956513123383149	4.0	1.0	5.0	1.0	24.0	886.0	99.77477477477477	Gibbon
ENST00000423192	ENSPTRT00000056780	ECT2L	epithelial cell transforming 2 like 	0.11074197120708698	0.0496995260337872	3.0	1.0	13.0	2.0	16.0	903.0	100.0	Gorilla
ENST00000397885	ENSPTRT00000038373	PUM3	pumilio RNA binding family member 3 	0.0	0.04974556076455622	4.0	0.0	1.0	0.0	10.0	647.0	100.0	
ENST00000359314	ENSPTRT00000109758	CD2AP	CD2 associated protein 	0.0	0.04977374596412484	4.0	0.0	2.0	0.0	9.0	639.0	100.0	
ENST00000370952	ENSPTRT00000001614	LRRC40	leucine rich repeat containing 40 	0.0	0.04980159134494122	3.0	0.0	6.0	0.0	6.0	602.0	100.0	
ENST00000305476	ENSPTRT00000022739	SEMA4C	semaphorin 4C 	0.0	0.04980227387247445	1.0	0.0	4.0	0.0	10.0	833.0	100.0	
ENST00000502692	ENSPTRT00000086300	ACTN3	actinin alpha 3 (gene/pseudogene) 	0.0	0.049864593160424964	5.0	0.0	3.0	0.0	7.0	902.0	97.83080260303687	
ENST00000375394	ENSPTRT00000033247	SKIV2L	Ski2 like RNA helicase 	0.0	0.04989096947100597	4.0	0.0	3.0	0.0	8.0	1190.0	97.94238683127573	
ENST00000308893	ENSPTRT00000106357	TAOK2	TAO kinase 2 	0.0	0.04989281857796536	1.0	0.0	5.0	1.0	8.0	1234.0	99.91902834008097	
ENST00000358951	ENSPTRT00000003634	RAB3GAP2	RAB3 GTPase activating non-catalytic protein subunit 2 	0.0	0.04989384117579767	2.0	0.0	4.0	0.0	9.0	1364.0	98.12949640287769	
ENST00000640607	ENSPTRT00000076264	CTAGE5	MIA SH3 domain ER export factor 2 	0.14194464158978	0.05045850927586338	5.0	2.0	12.0	1.0	34.0	1409.0	99.78753541076487	Gibbon
ENST00000366548	ENSPTRT00000003966	EXO1	exonuclease 1 	0.1230012300123	0.052137506566121934	7.0	1.0	2.0	0.0	23.0	813.0	96.78571428571429	Gibbon
ENST00000238256	ENSPTRT00000085077	FKBP15	FKBP prolyl isomerase 15 	0.08857395925597901	0.05234767987652987	7.0	1.0	4.0	1.0	20.0	1129.0	92.616899097621	
ENST00000314583	ENSPTRT00000028535	HCLS1	hematopoietic cell-specific Lyn substrate 1 	0.0	0.0523758573695012	4.0	0.0	3.0	0.0	7.0	474.0	99.5798319327731	
ENST00000309017	ENSPTRT00000003356	PTPN7	protein tyrosine phosphatase non-receptor type 7 	0.0	0.05238272208803624	2.0	0.0	4.0	1.0	7.0	465.0	100.0	
ENST00000334133	ENSPTRT00000027452	RFTN1	raftlin%2C lipid raft linker 1 	0.0	0.052401601007245634	1.0	0.0	6.0	2.0	5.0	479.0	100.0	
ENST00000388942	ENSPTRT00000058364	TMEM266	transmembrane protein 266 	0.0	0.05240323613391496	1.0	0.0	4.0	2.0	7.0	507.0	97.6878612716763	
ENST00000163416	ENSPTRT00000107465	GOLGA5	golgin A5 	0.0	0.05244438520116346	4.0	0.0	2.0	1.0	7.0	619.0	91.70370370370371	
ENST00000263798	ENSPTRT00000012808	TYRO3	TYRO3 protein tyrosine kinase 	0.0	0.052481194759182725	2.0	0.0	5.0	1.0	6.0	734.0	96.57894736842105	
ENST00000514747	ENSPTRT00000065413	FAM193B	family with sequence similarity 193 member B 	0.0	0.05248458629186012	2.0	0.0	5.0	1.0	6.0	751.0	99.86702127659575	
ENST00000325805	ENSPTRT00000090090	BBX	BBX high mobility group box domain containing 	0.0	0.052511137050843586	4.0	0.0	4.0	0.0	6.0	940.0	100.0	
ENST00000377636	ENSPTRT00000010889	TBC1D4	TBC1 domain family member 4 	0.0	0.05253786778942902	4.0	0.0	3.0	0.0	7.0	1298.0	100.0	
ENST00000344204	ENSPTRT00000031086	TRIO	trio Rho guanine nucleotide exchange factor 	0.0	0.05257595483364825	1.0	0.0	4.0	0.0	9.0	2787.0	97.20962678758283	
ENST00000325083	ENSPTRT00000037105	PCM1	pericentriolar material 1 	0.102827763496144	0.05333914503288602	10.0	2.0	7.0	3.0	29.0	1945.0	98.93184130213632	
ENST00000356957	ENSPTRT00000046922	TXNDC11	thioredoxin domain containing 11 	0.113507377979569	0.05374800206096392	4.0	1.0	10.0	1.0	16.0	881.0	99.77349943374858	
ENST00000378486	ENSPTRT00000000113	PLCH2	phospholipase C eta 2 	0.15467904098994598	0.05406789587523665	4.0	2.0	7.0	2.0	35.0	1293.0	95.07352941176471	Gibbon
ENST00000319363	ENSPTRT00000095091	IL17RA	interleukin 17 receptor A 	0.12360939431396803	0.055157903222113364	3.0	1.0	7.0	1.0	19.0	809.0	99.02080783353733	
ENST00000193391	ENSPTRT00000028362	IMPG2	interphotoreceptor matrix proteoglycan 2 	0.085836909871245	0.05523826420333304	2.0	1.0	6.0	1.0	21.0	1165.0	98.72881355932203	
ENST00000378230	ENSPTRT00000000152	CEP104	centrosomal protein 104 	0.112866817155756	0.05530480271521997	4.0	1.0	8.0	4.0	14.0	886.0	99.88726042841037	
ENST00000260810	ENSPTRT00000028777	TOPBP1	DNA topoisomerase II binding protein 1 	0.065703022339028	0.055365747060064	5.0	1.0	5.0	2.0	18.0	1522.0	100.0	
ENST00000402280	ENSPTRT00000043439	NLRC4	NLR family CARD domain containing 4 	0.11614401858304302	0.05662421356558564	2.0	1.0	4.0	0.0	23.0	861.0	99.88399071925754	Gibbon
ENST00000308736	ENSPTRT00000103137	DHX37	DEAH-box helicase 37 	0.102145045965271	0.05677763646587095	4.0	1.0	5.0	0.0	20.0	979.0	91.92488262910798	
ENST00000349215	ENSPTRT00000006457	HPS5	HPS5 biogenesis of lysosomal organelles complex 2 subunit 2 	0.090909090909091	0.05679249869081553	3.0	1.0	5.0	0.0	21.0	1100.0	97.43135518157662	
ENST00000441310	ENSPTRT00000098471	PMS1	PMS1 homolog 1%2C mismatch repair system component 	0.107642626480086	0.058483954086301825	2.0	1.0	6.0	2.0	18.0	929.0	99.89247311827957	
ENST00000251268	ENSPTRT00000020538	MEGF8	multiple EGF like domains 8 	0.082440230832646	0.058565565027834963	4.0	2.0	5.0	2.0	33.0	2426.0	94.25019425019426	
ENST00000520002	ENSPTRT00000101228	CSMD1	CUB and Sushi multiple domains 1 	0.11312217194570097	0.05858368826919739	10.0	4.0	13.0	4.0	49.0	3536.0	100.0	
ENST00000393609	ENSPTRT00000068076	ARAP1	ArfGAP with RhoGAP domain%2C ankyrin repeat and PH domain 1 	0.07936507936507901	0.058593974775074914	3.0	1.0	6.0	2.0	17.0	1260.0	91.04046242774567	
ENST00000447079	ENSPTRT00000100228	CDK12	cyclin dependent kinase 12 	0.06939625260236	0.05861805000223965	2.0	1.0	7.0	2.0	17.0	1441.0	98.16076294277929	
ENST00000378392	ENSPTRT00000024626	ANKEF1	ankyrin repeat and EF-hand domain containing 1 	0.128865979381443	0.06013514116882195	2.0	1.0	6.0	0.0	19.0	776.0	100.0	
ENST00000318222	ENSPTRT00000005404	PKD2L1	polycystin 2 like 1%2C transient receptor potential cation channel 	0.126582278481013	0.0602861547288619	3.0	1.0	6.0	3.0	15.0	790.0	98.75	
ENST00000598519	ENSPTRT00000087827	ZNF628	zinc finger protein 628 	0.100603621730382	0.060333487992054284	5.0	1.0	7.0	0.0	15.0	994.0	94.57659372026642	
ENST00000506030	ENSPTRT00000091019	ERBIN	erbb2 interacting protein 	0.070671378091873	0.060348087268781235	2.0	1.0	6.0	0.0	19.0	1415.0	99.78843441466854	
ENST00000404767	ENSPTRT00000081820	INTS1	integrator complex subunit 1 	0.048709206039942	0.06043456200355065	3.0	1.0	4.0	1.0	19.0	2053.0	96.24941397093296	
ENST00000251691	ENSPTRT00000034439	ARFGEF3	ARFGEF family member 3 	0.045934772622876	0.0604451797507393	2.0	1.0	4.0	2.0	19.0	2177.0	100.0	
ENST00000259335	ENSPTRT00000039289	ECPAS	Ecm29 proteasome adaptor and scaffold 	0.05219206680584599	0.06045408411114458	7.0	1.0	4.0	0.0	16.0	1916.0	98.86480908152735	
ENST00000535468	ENSPTRT00000033622	CUL7	cullin 7 	0.06024096385542201	0.060476155871757524	6.0	1.0	9.0	1.0	11.0	1660.0	95.95375722543352	
ENST00000402558	ENSPTRT00000056603	KIF24	kinesin family member 24 	0.222551928783383	0.060866380758556785	5.0	3.0	8.0	0.0	44.0	1348.0	98.53801169590643	Gibbon
ENST00000630715	ENSPTRT00000034163	MICAL1	microtubule associated monooxygenase%2C calponin and LIM domain containing 1 	0.18433179723502305	0.06203110198241407	7.0	2.0	7.0	0.0	27.0	1085.0	99.90791896869244	Gibbon
ENST00000622375	ENSPTRT00000012885	TTBK2	tau tubulin kinase 2 	0.19467878001297895	0.06204570642038571	6.0	3.0	12.0	1.0	37.0	1541.0	98.52941176470588	
ENST00000355327	ENSPTRT00000045429	THSD4	thrombospondin type 1 domain containing 4 	0.098425196850394	0.062099192956829585	2.0	1.0	4.0	0.0	20.0	1016.0	99.9016715830875	
ENST00000537592	ENSPTRT00000089493	SALL3	spalt like transcription factor 3 	0.080385852090032	0.062221721595630414	3.0	1.0	5.0	0.0	18.0	1244.0	96.43410852713178	
ENST00000613459	ENSPTRT00000079322	HMGXB3	HMG-box containing 3 	0.07739938080495401	0.06227759301906585	4.0	1.0	5.0	1.0	16.0	1292.0	100.0	
ENST00000336715	ENSPTRT00000095618	ZNF687	zinc finger protein 687 	0.08097165991902801	0.06229110989152815	3.0	1.0	5.0	3.0	15.0	1235.0	100.0	
ENST00000254508	ENSPTRT00000027394	NUP210	nucleoporin 210 	0.16260162601626002	0.06317987571059007	13.0	3.0	8.0	2.0	32.0	1845.0	97.77424483306837	
ENST00000373233	ENSPTRT00000105341	CHD6	chromodomain helicase DNA binding protein 6 	0.07515971439308501	0.06360213585333598	3.0	2.0	5.0	2.0	30.0	2661.0	98.70178041543026	
ENST00000261883	ENSPTRT00000013235	CILP	cartilage intermediate layer protein 	0.08849557522123899	0.06422383709676527	4.0	1.0	4.0	0.0	17.0	1130.0	97.66637856525497	
ENST00000217086	ENSPTRT00000076852	SALL4	spalt like transcription factor 4 	0.094966761633428	0.06423218964309169	5.0	1.0	3.0	1.0	16.0	1053.0	100.0	
ENST00000261726	ENSPTRT00000077096	CUX2	cut like homeobox 2 	0.083333333333333	0.06428792617423301	5.0	1.0	4.0	1.0	15.0	1200.0	94.26551453260015	
ENST00000337414	ENSPTRT00000040164	ARHGAP6	Rho GTPase activating protein 6 	0.102774922918808	0.06432710728294895	4.0	1.0	7.0	4.0	10.0	973.0	100.0	
ENST00000457308	ENSPTRT00000022061	DHX57	DExH-box helicase 57 	0.072150072150072	0.06433963915121238	3.0	1.0	3.0	5.0	14.0	1386.0	100.0	
ENST00000262210	ENSPTRT00000044079	CSPP1	centrosome and spindle pole associated protein 1 	0.190114068441065	0.06476537824257524	5.0	2.0	8.0	1.0	25.0	1052.0	94.68946894689469	
ENST00000247815	ENSPTRT00000009530	HELB	DNA helicase B 	0.183992640294388	0.06623126370325139	4.0	2.0	5.0	4.0	25.0	1087.0	100.0	
ENST00000616349	ENSPTRT00000026493	PIWIL3	piwi like RNA-mediated gene silencing 3 	0.114678899082569	0.06631187745540383	3.0	1.0	4.0	1.0	16.0	872.0	98.86621315192744	
ENST00000262209	ENSPTRT00000037663	TRPA1	transient receptor potential cation channel subfamily A member 1 	0.092592592592593	0.06634318779557025	2.0	1.0	5.0	0.0	17.0	1080.0	98.72029250457038	
ENST00000262710	ENSPTRT00000011290	ACIN1	apoptotic chromatin condensation inducer 1 	0.07733952049497299	0.06639995346456486	3.0	1.0	4.0	0.0	17.0	1293.0	99.30875576036867	
ENST00000308436	ENSPTRT00000007026	TUT1	terminal uridylyl transferase 1%2C U6 snRNA-specific 	0.109649122807018	0.06640110563944776	4.0	1.0	6.0	1.0	13.0	912.0	100.0	
ENST00000450053	ENSPTRT00000044276	NBEAL2	neurobeachin like 2 	0.15438054805094598	0.06730192737048937	12.0	4.0	10.0	5.0	38.0	2591.0	97.11394302848576	
ENST00000361243	ENSPTRT00000046869	AKAP13	A-kinase anchoring protein 13 	0.29509406123201803	0.06766387947382002	13.0	8.0	23.0	9.0	74.0	2711.0	98.18906193408185	Gibbon
ENST00000368194	ENSPTRT00000077751	ARHGEF11	Rho guanine nucleotide exchange factor 11 	0.128452151573539	0.06792442072012697	6.0	2.0	5.0	4.0	22.0	1557.0	100.0	
ENST00000372530	ENSPTRT00000082908	ABCC10	ATP binding cassette subfamily C member 10 	0.145878920495988	0.06794416902210425	5.0	2.0	10.0	4.0	18.0	1371.0	96.21052631578948	
ENST00000361627	ENSPTRT00000012671	ARHGAP11A	Rho GTPase activating protein 11A 	0.19550342130987305	0.0708335563285992	4.0	2.0	3.0	1.0	27.0	1023.0	100.0	Gibbon
ENST00000435504	ENSPTRT00000021847	ASXL2	ASXL transcriptional regulator 2 	0.144196106705119	0.07108553334540509	6.0	2.0	6.0	0.0	23.0	1387.0	99.85601151907848	
ENST00000381486	ENSPTRT00000018195	GREB1	growth regulating estrogen receptor binding 1 	0.123152709359606	0.07122830198403693	7.0	2.0	6.0	4.0	18.0	1624.0	93.76443418013857	
ENST00000358252	ENSPTRT00000046321	TNKS1BP1	tankyrase 1 binding protein 1 	0.231481481481481	0.07216188531545696	10.0	4.0	14.0	7.0	29.0	1728.0	100.0	
ENST00000452319	ENSPTRT00000043980	GLI2	GLI family zinc finger 2 	0.199335548172757	0.07232814013019133	5.0	3.0	12.0	1.0	29.0	1505.0	97.91802212101497	
ENST00000294484	ENSPTRT00000000327	DISP3	dispatched RND transporter family member 3 	0.14367816091954	0.07290230836872796	3.0	2.0	9.0	3.0	19.0	1392.0	100.0	
ENST00000382751	ENSPTRT00000025833	URB1	URB1 ribosome biogenesis homolog 	0.268937696100403	0.07316456683283767	9.0	6.0	12.0	7.0	56.0	2231.0	98.32525341560158	Gibbon
ENST00000220616	ENSPTRT00000038099	TG	thyroglobulin 	0.334199777200148	0.0735718882119249	28.0	9.0	25.0	1.0	67.0	2693.0	98.10564663023679	Human
ENST00000537253	ENSPTRT00000108739	NUP153	nucleoporin 153 	0.199335548172757	0.07368894301096332	9.0	3.0	9.0	0.0	28.0	1505.0	99.933598937583	
ENST00000355867	ENSPTRT00000004399	SVIL	supervillin 	0.162689804772234	0.07667775004767279	7.0	3.0	7.0	6.0	24.0	1844.0	94.61262185736275	
ENST00000350763	ENSPTRT00000039376	TNC	tenascin C 	0.182481751824818	0.07904207460054119	12.0	4.0	8.0	1.0	33.0	2192.0	99.59109495683781	
ENST00000327475	ENSPTRT00000079788	DNAH8	dynein axonemal heavy chain 8 	0.155555555555556	0.08487833705919888	11.0	7.0	21.0	3.0	47.0	4500.0	97.71986970684038	
ENST00000298910	ENSPTRT00000008938	LRRK2	leucine rich repeat kinase 2 	0.237435694499406	0.08597692986462575	9.0	6.0	13.0	1.0	47.0	2527.0	100.0	
ENST00000367255	ENSPTRT00000034550	SYNE1	spectrin repeat containing nuclear envelope protein 1 	0.160274756725816	0.08699144368368045	34.0	14.0	24.0	7.0	88.0	8735.0	99.44216757741349	
ENST00000512123	ENSPTRT00000030153	FRAS1	Fraser extracellular matrix complex subunit 1 	0.30395136778115506	0.09589219742986964	20.0	12.0	21.0	7.0	70.0	3948.0	99.37075257991442	
